ID,Name,Transact
6,Joseph Hernandez,9
7,John Daugherty,5
8,Audrey Bean,5
9,Jennifer Sims,6
10,Dylan Smith Jr.,8
11,Allison Roy,4
12,Brian Washington,7
13,Taylor Ortega,4
14,Robert Carrillo,5
15,Stephanie Hayes,1
16,Michael Neal,1
17,Janet Carson,3
18,Shannon White,3
19,Greg Peterson,4
20,Christina Diaz,0
21,Brittany Wright,2
22,Sherry Patrick,8
23,Joseph Nelson,5
24,Sara Klein,3
25,Mario Crawford,9
26,Kyle Williams PhD,9
27,Brianna Casey,9
28,Theresa Neal,7
20,Christina Diaz,5
29,Billy Tate,5
30,William Salazar,3
29,Billy Tate,9
31,Shane Harris,5
32,William Mitchell,2
33,Christopher Moore,5
34,Jason Wilson,4
35,Kelly Mendez,7
12,Brian Washington,6
36,Christopher Villa,3
37,William Hernandez,6
38,Leslie Jones,6
9,Jennifer Sims,2
39,Sara Crawford,2
40,Marcus Berry,3
41,Victoria Mann,7
9,Jennifer Sims,4
42,Amy Matthews,5
43,Micheal Thomas,4
38,Leslie Jones,6
36,Christopher Villa,7
29,Billy Tate,3
24,Sara Klein,4
44,Beth Guzman,3
21,Brittany Wright,1
45,Lynn Bradley,6
46,Laura Watts,1
47,Tammy Garcia,7
48,Tracy Graham,0
49,Rebecca Wallace,8
50,Jeremy Williams,0
18,Shannon White,9
30,William Salazar,6
51,Derek Owens,9
24,Sara Klein,8
25,Mario Crawford,8
52,Colleen Nguyen,8
53,Andrew Neal,3
50,Jeremy Williams,2
45,Lynn Bradley,8
54,Juan Lopez,5
25,Mario Crawford,0
50,Jeremy Williams,0
55,Daniel Mccarty,4
56,Whitney Morrison,6
57,Dr. Julie Bruce,5
58,Jeffrey Cox,2
21,Brittany Wright,4
59,John Fox,3
30,William Salazar,3
60,Olivia Scott,6
30,William Salazar,6
61,Paul Hoover,1
31,Shane Harris,9
62,Veronica Green,3
44,Beth Guzman,9
48,Tracy Graham,6
57,Dr. Julie Bruce,2
27,Brianna Casey,5
63,Holly Santiago,3
57,Dr. Julie Bruce,9
46,Laura Watts,8
64,Brenda Moore,2
38,Leslie Jones,8
27,Brianna Casey,2
65,David Nichols,0
36,Christopher Villa,2
28,Theresa Neal,0
62,Veronica Green,3
21,Brittany Wright,7
21,Brittany Wright,2
58,Jeffrey Cox,2
61,Paul Hoover,7
20,Christina Diaz,1
35,Kelly Mendez,0
52,Colleen Nguyen,3
24,Sara Klein,3
66,James Morris,4
67,Thomas Carroll,8
65,David Nichols,5
39,Sara Crawford,0
66,James Morris,7
16,Michael Neal,4
63,Holly Santiago,2
68,Sara Williams,9
69,Angela Fuller,7
54,Juan Lopez,9
61,Paul Hoover,2
58,Jeffrey Cox,5
70,Angela Hunt,0
20,Christina Diaz,3
24,Sara Klein,6
59,John Fox,2
21,Brittany Wright,4
38,Leslie Jones,5
71,Joseph Baxter,0
72,Cindy Walters,5
42,Amy Matthews,1
39,Sara Crawford,4
43,Micheal Thomas,1
13,Taylor Ortega,0
73,Shawn Lee,6
55,Daniel Mccarty,5
8,Audrey Bean,2
63,Holly Santiago,2
72,Cindy Walters,1
59,John Fox,8
14,Robert Carrillo,8
27,Brianna Casey,8
74,George Arroyo,2
14,Robert Carrillo,8
75,Lisa Campos,2
76,Eric Ryan,2
25,Mario Crawford,6
62,Veronica Green,1
34,Jason Wilson,2
77,Darryl Wood,3
32,William Mitchell,7
11,Allison Roy,6
66,James Morris,1
64,Brenda Moore,0
78,Ashley Castro,3
23,Joseph Nelson,7
79,Helen Zamora,9
7,John Daugherty,9
43,Micheal Thomas,2
39,Sara Crawford,8
75,Lisa Campos,4
80,Beth Fisher,2
45,Lynn Bradley,7
69,Angela Fuller,6
33,Christopher Moore,1
34,Jason Wilson,8
58,Jeffrey Cox,8
81,James Hodge,6
73,Shawn Lee,8
38,Leslie Jones,6
51,Derek Owens,1
82,Kyle Aguilar,7
35,Kelly Mendez,5
83,Donna Davis,6
54,Juan Lopez,3
84,Craig Martin,0
56,Whitney Morrison,0
76,Eric Ryan,9
70,Angela Hunt,8
69,Angela Fuller,7
85,Bradley Barr,3
86,Megan King,4
58,Jeffrey Cox,1
51,Derek Owens,0
35,Kelly Mendez,8
80,Beth Fisher,7
72,Cindy Walters,6
48,Tracy Graham,6
14,Robert Carrillo,4
14,Robert Carrillo,5
82,Kyle Aguilar,8
87,Andrew Newman,9
37,William Hernandez,0
86,Megan King,5
69,Angela Fuller,1
24,Sara Klein,1
51,Derek Owens,3
35,Kelly Mendez,7
71,Joseph Baxter,6
35,Kelly Mendez,1
88,Stacy Ibarra,6
89,Randy Gentry,0
35,Kelly Mendez,2
90,Adam White,4
74,George Arroyo,8
45,Lynn Bradley,1
85,Bradley Barr,8
91,Rebecca Buchanan,8
42,Amy Matthews,7
33,Christopher Moore,9
62,Veronica Green,3
70,Angela Hunt,4
14,Robert Carrillo,3
60,Olivia Scott,9
36,Christopher Villa,5
21,Brittany Wright,0
21,Brittany Wright,9
57,Dr. Julie Bruce,5
28,Theresa Neal,1
67,Thomas Carroll,5
81,James Hodge,2
36,Christopher Villa,1
42,Amy Matthews,6
41,Victoria Mann,5
32,William Mitchell,8
23,Joseph Nelson,3
92,Kevin Everett,7
15,Stephanie Hayes,1
20,Christina Diaz,2
68,Sara Williams,5
46,Laura Watts,3
62,Veronica Green,9
93,Derek Wilkins,1
48,Tracy Graham,5
55,Daniel Mccarty,4
23,Joseph Nelson,7
8,Audrey Bean,6
9,Jennifer Sims,9
25,Mario Crawford,5
78,Ashley Castro,1
41,Victoria Mann,7
59,John Fox,1
81,James Hodge,1
59,John Fox,9
84,Craig Martin,5
42,Amy Matthews,7
18,Shannon White,3
17,Janet Carson,7
12,Brian Washington,3
47,Tammy Garcia,9
47,Tammy Garcia,4
29,Billy Tate,3
29,Billy Tate,9
23,Joseph Nelson,1
55,Daniel Mccarty,2
6,Joseph Hernandez,6
52,Colleen Nguyen,8
68,Sara Williams,3
91,Rebecca Buchanan,7
94,Michael Lee,1
86,Megan King,5
60,Olivia Scott,9
56,Whitney Morrison,9
74,George Arroyo,6
52,Colleen Nguyen,5
79,Helen Zamora,0
44,Beth Guzman,8
6,Joseph Hernandez,5
19,Greg Peterson,4
35,Kelly Mendez,7
6,Joseph Hernandez,7
95,Andrew Bell,1
39,Sara Crawford,4
25,Mario Crawford,5
29,Billy Tate,7
92,Kevin Everett,2
33,Christopher Moore,2
68,Sara Williams,5
66,James Morris,2
96,David Nelson,1
97,Sharon Brooks,4
59,John Fox,4
98,Brian Velazquez,3
43,Micheal Thomas,9
25,Mario Crawford,6
99,Jennifer Hill,8
69,Angela Fuller,4
9,Jennifer Sims,6
64,Brenda Moore,6
100,Daniel Harris,6
99,Jennifer Hill,2
51,Derek Owens,8
52,Colleen Nguyen,2
96,David Nelson,7
14,Robert Carrillo,6
9,Jennifer Sims,1
90,Adam White,1
16,Michael Neal,5
101,Margaret Ray,9
11,Allison Roy,0
15,Stephanie Hayes,9
91,Rebecca Buchanan,6
96,David Nelson,9
75,Lisa Campos,5
32,William Mitchell,6
41,Victoria Mann,0
50,Jeremy Williams,5
74,George Arroyo,6
44,Beth Guzman,3
41,Victoria Mann,2
85,Bradley Barr,2
9,Jennifer Sims,0
97,Sharon Brooks,6
88,Stacy Ibarra,9
95,Andrew Bell,4
77,Darryl Wood,0
75,Lisa Campos,5
26,Kyle Williams PhD,9
101,Margaret Ray,3
90,Adam White,8
36,Christopher Villa,1
79,Helen Zamora,7
43,Micheal Thomas,8
22,Sherry Patrick,5
84,Craig Martin,9
14,Robert Carrillo,8
82,Kyle Aguilar,0
72,Cindy Walters,0
34,Jason Wilson,5
74,George Arroyo,8
101,Margaret Ray,7
43,Micheal Thomas,8
59,John Fox,4
102,Christopher Mcdonald,4
52,Colleen Nguyen,0
103,Peter Ball,5
69,Angela Fuller,3
29,Billy Tate,4
16,Michael Neal,7
46,Laura Watts,2
92,Kevin Everett,8
56,Whitney Morrison,3
75,Lisa Campos,7
17,Janet Carson,3
55,Daniel Mccarty,0
74,George Arroyo,7
69,Angela Fuller,4
94,Michael Lee,6
8,Audrey Bean,5
51,Derek Owens,2
9,Jennifer Sims,1
31,Shane Harris,1
10,Dylan Smith Jr.,0
82,Kyle Aguilar,1
101,Margaret Ray,3
8,Audrey Bean,2
52,Colleen Nguyen,7
98,Brian Velazquez,5
54,Juan Lopez,1
81,James Hodge,6
42,Amy Matthews,7
35,Kelly Mendez,4
72,Cindy Walters,6
103,Peter Ball,3
56,Whitney Morrison,1
64,Brenda Moore,2
99,Jennifer Hill,4
34,Jason Wilson,2
50,Jeremy Williams,4
47,Tammy Garcia,8
69,Angela Fuller,7
20,Christina Diaz,2
18,Shannon White,6
54,Juan Lopez,4
57,Dr. Julie Bruce,1
39,Sara Crawford,4
22,Sherry Patrick,9
87,Andrew Newman,4
42,Amy Matthews,0
56,Whitney Morrison,3
74,George Arroyo,4
103,Peter Ball,7
8,Audrey Bean,2
81,James Hodge,4
38,Leslie Jones,9
99,Jennifer Hill,4
77,Darryl Wood,1
71,Joseph Baxter,7
88,Stacy Ibarra,6
27,Brianna Casey,1
45,Lynn Bradley,1
75,Lisa Campos,7
47,Tammy Garcia,6
35,Kelly Mendez,9
43,Micheal Thomas,7
66,James Morris,0
82,Kyle Aguilar,7
33,Christopher Moore,1
63,Holly Santiago,7
18,Shannon White,0
22,Sherry Patrick,9
86,Megan King,5
104,Rachel Jenkins,8
61,Paul Hoover,9
17,Janet Carson,5
101,Margaret Ray,1
45,Lynn Bradley,8
67,Thomas Carroll,7
39,Sara Crawford,4
98,Brian Velazquez,9
81,James Hodge,8
68,Sara Williams,9
19,Greg Peterson,5
35,Kelly Mendez,8
7,John Daugherty,7
16,Michael Neal,2
20,Christina Diaz,3
45,Lynn Bradley,9
24,Sara Klein,5
95,Andrew Bell,6
6,Joseph Hernandez,5
32,William Mitchell,3
98,Brian Velazquez,2
16,Michael Neal,1
47,Tammy Garcia,9
9,Jennifer Sims,4
28,Theresa Neal,5
34,Jason Wilson,4
24,Sara Klein,1
87,Andrew Newman,1
71,Joseph Baxter,4
60,Olivia Scott,4
100,Daniel Harris,5
65,David Nichols,2
84,Craig Martin,8
23,Joseph Nelson,2
15,Stephanie Hayes,6
68,Sara Williams,1
92,Kevin Everett,2
8,Audrey Bean,3
76,Eric Ryan,3
43,Micheal Thomas,8
22,Sherry Patrick,7
103,Peter Ball,7
43,Micheal Thomas,0
42,Amy Matthews,5
33,Christopher Moore,7
88,Stacy Ibarra,3
36,Christopher Villa,7
105,Nina Norris,7
40,Marcus Berry,0
101,Margaret Ray,2
27,Brianna Casey,1
25,Mario Crawford,1
100,Daniel Harris,5
87,Andrew Newman,7
29,Billy Tate,0
53,Andrew Neal,1
75,Lisa Campos,2
34,Jason Wilson,9
16,Michael Neal,7
101,Margaret Ray,3
47,Tammy Garcia,2
74,George Arroyo,8
97,Sharon Brooks,8
24,Sara Klein,0
73,Shawn Lee,4
38,Leslie Jones,2
13,Taylor Ortega,1
18,Shannon White,7
82,Kyle Aguilar,0
97,Sharon Brooks,5
12,Brian Washington,8
43,Micheal Thomas,8
50,Jeremy Williams,0
10,Dylan Smith Jr.,9
16,Michael Neal,7
9,Jennifer Sims,3
65,David Nichols,7
85,Bradley Barr,6
16,Michael Neal,6
79,Helen Zamora,4
97,Sharon Brooks,7
19,Greg Peterson,5
25,Mario Crawford,5
65,David Nichols,7
90,Adam White,2
23,Joseph Nelson,5
30,William Salazar,1
101,Margaret Ray,8
15,Stephanie Hayes,8
105,Nina Norris,8
55,Daniel Mccarty,2
62,Veronica Green,8
57,Dr. Julie Bruce,4
52,Colleen Nguyen,0
88,Stacy Ibarra,2
94,Michael Lee,6
84,Craig Martin,6
56,Whitney Morrison,3
38,Leslie Jones,9
67,Thomas Carroll,8
94,Michael Lee,9
66,James Morris,0
27,Brianna Casey,9
58,Jeffrey Cox,6
68,Sara Williams,9
84,Craig Martin,9
63,Holly Santiago,7
80,Beth Fisher,4
44,Beth Guzman,0
102,Christopher Mcdonald,4
100,Daniel Harris,3
69,Angela Fuller,5
37,William Hernandez,5
56,Whitney Morrison,6
92,Kevin Everett,9
31,Shane Harris,5
104,Rachel Jenkins,5
29,Billy Tate,1
67,Thomas Carroll,1
66,James Morris,9
7,John Daugherty,0
105,Nina Norris,8
95,Andrew Bell,2
96,David Nelson,9
18,Shannon White,6
66,James Morris,1
103,Peter Ball,3
7,John Daugherty,4
99,Jennifer Hill,0
21,Brittany Wright,1
101,Margaret Ray,0
49,Rebecca Wallace,4
97,Sharon Brooks,8
81,James Hodge,4
86,Megan King,4
38,Leslie Jones,8
83,Donna Davis,9
59,John Fox,1
105,Nina Norris,4
93,Derek Wilkins,7
26,Kyle Williams PhD,5
86,Megan King,9
25,Mario Crawford,3
66,James Morris,3
96,David Nelson,5
65,David Nichols,4
78,Ashley Castro,1
13,Taylor Ortega,1
15,Stephanie Hayes,1
71,Joseph Baxter,0
34,Jason Wilson,6
26,Kyle Williams PhD,7
7,John Daugherty,6
32,William Mitchell,6
14,Robert Carrillo,5
36,Christopher Villa,3
66,James Morris,0
68,Sara Williams,0
31,Shane Harris,9
31,Shane Harris,0
78,Ashley Castro,3
24,Sara Klein,5
88,Stacy Ibarra,8
28,Theresa Neal,7
25,Mario Crawford,0
26,Kyle Williams PhD,8
80,Beth Fisher,0
14,Robert Carrillo,8
19,Greg Peterson,8
37,William Hernandez,0
81,James Hodge,1
96,David Nelson,5
65,David Nichols,8
99,Jennifer Hill,1
12,Brian Washington,3
22,Sherry Patrick,0
93,Derek Wilkins,6
35,Kelly Mendez,0
29,Billy Tate,4
90,Adam White,0
68,Sara Williams,7
80,Beth Fisher,9
80,Beth Fisher,8
26,Kyle Williams PhD,7
101,Margaret Ray,2
65,David Nichols,8
47,Tammy Garcia,6
83,Donna Davis,0
98,Brian Velazquez,7
59,John Fox,9
28,Theresa Neal,7
47,Tammy Garcia,4
97,Sharon Brooks,9
102,Christopher Mcdonald,5
24,Sara Klein,6
101,Margaret Ray,1
13,Taylor Ortega,1
44,Beth Guzman,7
92,Kevin Everett,1
92,Kevin Everett,6
69,Angela Fuller,5
25,Mario Crawford,5
78,Ashley Castro,5
63,Holly Santiago,4
35,Kelly Mendez,8
9,Jennifer Sims,3
39,Sara Crawford,3
92,Kevin Everett,1
40,Marcus Berry,4
72,Cindy Walters,6
27,Brianna Casey,4
79,Helen Zamora,9
19,Greg Peterson,4
19,Greg Peterson,3
86,Megan King,3
94,Michael Lee,2
19,Greg Peterson,3
39,Sara Crawford,9
99,Jennifer Hill,4
63,Holly Santiago,6
90,Adam White,8
104,Rachel Jenkins,5
20,Christina Diaz,5
54,Juan Lopez,1
7,John Daugherty,0
90,Adam White,3
28,Theresa Neal,2
38,Leslie Jones,8
80,Beth Fisher,6
6,Joseph Hernandez,1
58,Jeffrey Cox,7
22,Sherry Patrick,7
13,Taylor Ortega,6
28,Theresa Neal,8
87,Andrew Newman,4
55,Daniel Mccarty,6
42,Amy Matthews,3
45,Lynn Bradley,8
33,Christopher Moore,5
98,Brian Velazquez,0
61,Paul Hoover,7
6,Joseph Hernandez,2
87,Andrew Newman,0
79,Helen Zamora,8
87,Andrew Newman,4
93,Derek Wilkins,4
6,Joseph Hernandez,1
55,Daniel Mccarty,2
43,Micheal Thomas,1
6,Joseph Hernandez,2
61,Paul Hoover,0
15,Stephanie Hayes,6
81,James Hodge,9
56,Whitney Morrison,8
74,George Arroyo,4
46,Laura Watts,5
10,Dylan Smith Jr.,5
59,John Fox,9
72,Cindy Walters,4
75,Lisa Campos,8
8,Audrey Bean,5
80,Beth Fisher,3
104,Rachel Jenkins,3
56,Whitney Morrison,1
101,Margaret Ray,8
41,Victoria Mann,5
79,Helen Zamora,9
41,Victoria Mann,1
83,Donna Davis,4
26,Kyle Williams PhD,1
57,Dr. Julie Bruce,3
48,Tracy Graham,9
50,Jeremy Williams,9
10,Dylan Smith Jr.,9
15,Stephanie Hayes,3
47,Tammy Garcia,8
52,Colleen Nguyen,3
100,Daniel Harris,0
41,Victoria Mann,6
50,Jeremy Williams,9
75,Lisa Campos,0
91,Rebecca Buchanan,0
88,Stacy Ibarra,4
47,Tammy Garcia,4
31,Shane Harris,1
35,Kelly Mendez,1
70,Angela Hunt,0
101,Margaret Ray,8
16,Michael Neal,3
49,Rebecca Wallace,6
34,Jason Wilson,2
34,Jason Wilson,2
103,Peter Ball,7
49,Rebecca Wallace,3
65,David Nichols,8
101,Margaret Ray,4
52,Colleen Nguyen,7
99,Jennifer Hill,4
45,Lynn Bradley,5
7,John Daugherty,4
95,Andrew Bell,5
50,Jeremy Williams,7
50,Jeremy Williams,9
25,Mario Crawford,7
85,Bradley Barr,5
90,Adam White,3
45,Lynn Bradley,7
55,Daniel Mccarty,6
89,Randy Gentry,2
73,Shawn Lee,9
94,Michael Lee,1
45,Lynn Bradley,1
89,Randy Gentry,8
39,Sara Crawford,8
63,Holly Santiago,6
51,Derek Owens,1
104,Rachel Jenkins,0
97,Sharon Brooks,5
78,Ashley Castro,7
104,Rachel Jenkins,0
52,Colleen Nguyen,2
76,Eric Ryan,7
33,Christopher Moore,0
29,Billy Tate,0
102,Christopher Mcdonald,1
8,Audrey Bean,0
23,Joseph Nelson,5
34,Jason Wilson,0
79,Helen Zamora,2
74,George Arroyo,2
26,Kyle Williams PhD,7
37,William Hernandez,1
86,Megan King,3
6,Joseph Hernandez,5
69,Angela Fuller,2
67,Thomas Carroll,4
67,Thomas Carroll,8
18,Shannon White,6
65,David Nichols,4
99,Jennifer Hill,6
96,David Nelson,5
100,Daniel Harris,9
89,Randy Gentry,4
97,Sharon Brooks,7
9,Jennifer Sims,2
90,Adam White,1
11,Allison Roy,4
70,Angela Hunt,3
98,Brian Velazquez,3
7,John Daugherty,5
99,Jennifer Hill,0
60,Olivia Scott,9
49,Rebecca Wallace,5
54,Juan Lopez,7
70,Angela Hunt,8
58,Jeffrey Cox,1
104,Rachel Jenkins,2
73,Shawn Lee,6
99,Jennifer Hill,9
63,Holly Santiago,6
105,Nina Norris,9
25,Mario Crawford,6
64,Brenda Moore,8
61,Paul Hoover,8
100,Daniel Harris,2
60,Olivia Scott,7
71,Joseph Baxter,6
89,Randy Gentry,7
17,Janet Carson,7
70,Angela Hunt,4
9,Jennifer Sims,3
14,Robert Carrillo,4
72,Cindy Walters,1
75,Lisa Campos,0
17,Janet Carson,5
86,Megan King,1
78,Ashley Castro,0
81,James Hodge,0
100,Daniel Harris,3
92,Kevin Everett,2
96,David Nelson,1
96,David Nelson,9
50,Jeremy Williams,9
79,Helen Zamora,7
37,William Hernandez,9
63,Holly Santiago,4
48,Tracy Graham,2
8,Audrey Bean,1
41,Victoria Mann,6
70,Angela Hunt,1
30,William Salazar,6
97,Sharon Brooks,4
49,Rebecca Wallace,5
90,Adam White,7
15,Stephanie Hayes,4
77,Darryl Wood,7
68,Sara Williams,2
30,William Salazar,0
73,Shawn Lee,2
90,Adam White,2
40,Marcus Berry,7
50,Jeremy Williams,0
45,Lynn Bradley,3
78,Ashley Castro,8
68,Sara Williams,4
32,William Mitchell,9
33,Christopher Moore,3
33,Christopher Moore,2
18,Shannon White,6
64,Brenda Moore,1
104,Rachel Jenkins,5
21,Brittany Wright,6
88,Stacy Ibarra,8
42,Amy Matthews,8
13,Taylor Ortega,2
94,Michael Lee,4
60,Olivia Scott,9
76,Eric Ryan,5
80,Beth Fisher,6
47,Tammy Garcia,8
52,Colleen Nguyen,9
98,Brian Velazquez,0
42,Amy Matthews,4
18,Shannon White,0
34,Jason Wilson,5
68,Sara Williams,9
53,Andrew Neal,7
40,Marcus Berry,0
105,Nina Norris,9
82,Kyle Aguilar,1
80,Beth Fisher,9
91,Rebecca Buchanan,3
64,Brenda Moore,0
19,Greg Peterson,3
21,Brittany Wright,7
103,Peter Ball,4
102,Christopher Mcdonald,9
100,Daniel Harris,7
92,Kevin Everett,8
67,Thomas Carroll,1
13,Taylor Ortega,3
53,Andrew Neal,7
67,Thomas Carroll,3
30,William Salazar,9
61,Paul Hoover,8
9,Jennifer Sims,0
104,Rachel Jenkins,4
84,Craig Martin,7
28,Theresa Neal,6
18,Shannon White,6
68,Sara Williams,9
31,Shane Harris,3
36,Christopher Villa,1
41,Victoria Mann,7
57,Dr. Julie Bruce,5
70,Angela Hunt,4
50,Jeremy Williams,5
73,Shawn Lee,8
55,Daniel Mccarty,9
25,Mario Crawford,7
41,Victoria Mann,2
17,Janet Carson,1
16,Michael Neal,8
7,John Daugherty,1
77,Darryl Wood,2
27,Brianna Casey,1
58,Jeffrey Cox,6
34,Jason Wilson,0
69,Angela Fuller,4
30,William Salazar,9
102,Christopher Mcdonald,4
53,Andrew Neal,9
66,James Morris,9
102,Christopher Mcdonald,1
57,Dr. Julie Bruce,7
84,Craig Martin,3
16,Michael Neal,6
27,Brianna Casey,8
91,Rebecca Buchanan,2
98,Brian Velazquez,2
13,Taylor Ortega,1
39,Sara Crawford,5
33,Christopher Moore,7
14,Robert Carrillo,4
11,Allison Roy,6
84,Craig Martin,1
53,Andrew Neal,0
37,William Hernandez,8
91,Rebecca Buchanan,6
78,Ashley Castro,5
37,William Hernandez,0
96,David Nelson,2
34,Jason Wilson,7
42,Amy Matthews,2
51,Derek Owens,5
81,James Hodge,6
17,Janet Carson,1
100,Daniel Harris,0
55,Daniel Mccarty,8
35,Kelly Mendez,1
90,Adam White,2
62,Veronica Green,3
77,Darryl Wood,1
54,Juan Lopez,8
87,Andrew Newman,6
83,Donna Davis,0
104,Rachel Jenkins,8
19,Greg Peterson,7
98,Brian Velazquez,1
63,Holly Santiago,2
12,Brian Washington,5
85,Bradley Barr,6
95,Andrew Bell,4
78,Ashley Castro,2
67,Thomas Carroll,6
101,Margaret Ray,5
30,William Salazar,0
80,Beth Fisher,5
47,Tammy Garcia,2
81,James Hodge,8
85,Bradley Barr,0
43,Micheal Thomas,7
50,Jeremy Williams,3
67,Thomas Carroll,4
102,Christopher Mcdonald,7
47,Tammy Garcia,5
52,Colleen Nguyen,3
12,Brian Washington,1
62,Veronica Green,2
19,Greg Peterson,9
67,Thomas Carroll,4
52,Colleen Nguyen,9
69,Angela Fuller,2
21,Brittany Wright,3
82,Kyle Aguilar,0
61,Paul Hoover,1
39,Sara Crawford,7
73,Shawn Lee,1
18,Shannon White,2
78,Ashley Castro,1
91,Rebecca Buchanan,5
37,William Hernandez,8
86,Megan King,4
101,Margaret Ray,6
83,Donna Davis,5
28,Theresa Neal,2
54,Juan Lopez,2
51,Derek Owens,6
33,Christopher Moore,6
89,Randy Gentry,9
101,Margaret Ray,6
105,Nina Norris,1
86,Megan King,4
14,Robert Carrillo,6
29,Billy Tate,6
94,Michael Lee,8
52,Colleen Nguyen,7
43,Micheal Thomas,4
48,Tracy Graham,1
68,Sara Williams,0
92,Kevin Everett,9
31,Shane Harris,8
33,Christopher Moore,9
45,Lynn Bradley,8
91,Rebecca Buchanan,9
21,Brittany Wright,9
34,Jason Wilson,7
29,Billy Tate,1
57,Dr. Julie Bruce,2
22,Sherry Patrick,6
70,Angela Hunt,0
55,Daniel Mccarty,5
59,John Fox,5
81,James Hodge,3
13,Taylor Ortega,8
30,William Salazar,5
26,Kyle Williams PhD,1
12,Brian Washington,7
41,Victoria Mann,4
93,Derek Wilkins,1
25,Mario Crawford,5
71,Joseph Baxter,7
60,Olivia Scott,6
29,Billy Tate,9
102,Christopher Mcdonald,8
6,Joseph Hernandez,7
43,Micheal Thomas,2
41,Victoria Mann,3
36,Christopher Villa,8
9,Jennifer Sims,8
75,Lisa Campos,3
88,Stacy Ibarra,8
35,Kelly Mendez,0
41,Victoria Mann,3
101,Margaret Ray,4
97,Sharon Brooks,5
7,John Daugherty,9
73,Shawn Lee,4
23,Joseph Nelson,2
80,Beth Fisher,2
86,Megan King,8
15,Stephanie Hayes,5
50,Jeremy Williams,8
61,Paul Hoover,0
31,Shane Harris,2
23,Joseph Nelson,0
85,Bradley Barr,1
17,Janet Carson,2
63,Holly Santiago,2
59,John Fox,4
50,Jeremy Williams,3
58,Jeffrey Cox,0
100,Daniel Harris,4
17,Janet Carson,9
40,Marcus Berry,2
62,Veronica Green,1
80,Beth Fisher,8
92,Kevin Everett,5
35,Kelly Mendez,0
43,Micheal Thomas,2
62,Veronica Green,5
6,Joseph Hernandez,4
42,Amy Matthews,8
51,Derek Owens,2
68,Sara Williams,7
20,Christina Diaz,7
73,Shawn Lee,7
60,Olivia Scott,6
74,George Arroyo,6
81,James Hodge,5
65,David Nichols,1
47,Tammy Garcia,4
49,Rebecca Wallace,9
94,Michael Lee,2
23,Joseph Nelson,4
55,Daniel Mccarty,9
45,Lynn Bradley,1
100,Daniel Harris,2
84,Craig Martin,2
33,Christopher Moore,2
14,Robert Carrillo,5
13,Taylor Ortega,8
34,Jason Wilson,1
73,Shawn Lee,9
69,Angela Fuller,5
102,Christopher Mcdonald,6
28,Theresa Neal,8
86,Megan King,2
46,Laura Watts,7
98,Brian Velazquez,4
96,David Nelson,6
10,Dylan Smith Jr.,6
90,Adam White,1
12,Brian Washington,1
61,Paul Hoover,3
59,John Fox,1
48,Tracy Graham,6
58,Jeffrey Cox,6
65,David Nichols,0
82,Kyle Aguilar,0
54,Juan Lopez,7
6,Joseph Hernandez,8
87,Andrew Newman,7
17,Janet Carson,2
31,Shane Harris,5
98,Brian Velazquez,1
73,Shawn Lee,7
26,Kyle Williams PhD,9
39,Sara Crawford,6
53,Andrew Neal,2
104,Rachel Jenkins,6
17,Janet Carson,4
92,Kevin Everett,6
73,Shawn Lee,3
91,Rebecca Buchanan,9
58,Jeffrey Cox,3
28,Theresa Neal,3
45,Lynn Bradley,5
25,Mario Crawford,4
16,Michael Neal,0
22,Sherry Patrick,7
51,Derek Owens,1
98,Brian Velazquez,8
18,Shannon White,8
79,Helen Zamora,3
61,Paul Hoover,3
84,Craig Martin,3
90,Adam White,3
25,Mario Crawford,4
61,Paul Hoover,1
7,John Daugherty,8
68,Sara Williams,9
39,Sara Crawford,5
48,Tracy Graham,9
12,Brian Washington,8
63,Holly Santiago,4
29,Billy Tate,8
71,Joseph Baxter,9
36,Christopher Villa,7
34,Jason Wilson,2
27,Brianna Casey,2
64,Brenda Moore,7
60,Olivia Scott,6
35,Kelly Mendez,1
6,Joseph Hernandez,1
17,Janet Carson,7
97,Sharon Brooks,8
80,Beth Fisher,8
23,Joseph Nelson,4
102,Christopher Mcdonald,5
97,Sharon Brooks,0
49,Rebecca Wallace,6
78,Ashley Castro,3
59,John Fox,3
6,Joseph Hernandez,8
23,Joseph Nelson,1
21,Brittany Wright,9
72,Cindy Walters,1
16,Michael Neal,5
29,Billy Tate,3
24,Sara Klein,3
63,Holly Santiago,2
81,James Hodge,5
62,Veronica Green,4
38,Leslie Jones,0
50,Jeremy Williams,1
15,Stephanie Hayes,5
62,Veronica Green,9
59,John Fox,9
89,Randy Gentry,8
17,Janet Carson,4
86,Megan King,3
94,Michael Lee,6
71,Joseph Baxter,0
49,Rebecca Wallace,3
69,Angela Fuller,3
11,Allison Roy,3
34,Jason Wilson,0
77,Darryl Wood,7
10,Dylan Smith Jr.,3
74,George Arroyo,3
63,Holly Santiago,5
29,Billy Tate,0
8,Audrey Bean,9
64,Brenda Moore,4
88,Stacy Ibarra,5
59,John Fox,2
22,Sherry Patrick,1
64,Brenda Moore,5
62,Veronica Green,4
47,Tammy Garcia,2
76,Eric Ryan,6
92,Kevin Everett,6
15,Stephanie Hayes,8
76,Eric Ryan,8
79,Helen Zamora,4
84,Craig Martin,9
39,Sara Crawford,0
34,Jason Wilson,4
51,Derek Owens,6
17,Janet Carson,7
105,Nina Norris,4
6,Joseph Hernandez,2
73,Shawn Lee,0
78,Ashley Castro,7
61,Paul Hoover,5
48,Tracy Graham,0
37,William Hernandez,7
40,Marcus Berry,2
32,William Mitchell,2
39,Sara Crawford,7
59,John Fox,6
61,Paul Hoover,9
52,Colleen Nguyen,3
94,Michael Lee,5
105,Nina Norris,2
10,Dylan Smith Jr.,0
12,Brian Washington,5
95,Andrew Bell,8
69,Angela Fuller,2
32,William Mitchell,4
49,Rebecca Wallace,2
39,Sara Crawford,5
88,Stacy Ibarra,6
17,Janet Carson,2
29,Billy Tate,5
42,Amy Matthews,5
26,Kyle Williams PhD,8
40,Marcus Berry,5
16,Michael Neal,3
101,Margaret Ray,9
27,Brianna Casey,3
53,Andrew Neal,3
102,Christopher Mcdonald,2
36,Christopher Villa,7
105,Nina Norris,6
6,Joseph Hernandez,7
24,Sara Klein,5
27,Brianna Casey,1
37,William Hernandez,6
54,Juan Lopez,0
98,Brian Velazquez,0
74,George Arroyo,7
105,Nina Norris,1
16,Michael Neal,0
47,Tammy Garcia,3
96,David Nelson,7
24,Sara Klein,6
12,Brian Washington,2
69,Angela Fuller,9
53,Andrew Neal,7
100,Daniel Harris,1
29,Billy Tate,4
15,Stephanie Hayes,7
34,Jason Wilson,2
58,Jeffrey Cox,6
38,Leslie Jones,4
87,Andrew Newman,5
10,Dylan Smith Jr.,2
105,Nina Norris,5
34,Jason Wilson,7
77,Darryl Wood,9
56,Whitney Morrison,5
94,Michael Lee,4
104,Rachel Jenkins,8
62,Veronica Green,1
20,Christina Diaz,8
16,Michael Neal,7
11,Allison Roy,9
76,Eric Ryan,6
57,Dr. Julie Bruce,7
15,Stephanie Hayes,0
8,Audrey Bean,6
22,Sherry Patrick,4
19,Greg Peterson,6
95,Andrew Bell,1
75,Lisa Campos,3
68,Sara Williams,0
7,John Daugherty,6
74,George Arroyo,4
55,Daniel Mccarty,6
41,Victoria Mann,6
77,Darryl Wood,4
48,Tracy Graham,4
28,Theresa Neal,2
9,Jennifer Sims,3
99,Jennifer Hill,4
78,Ashley Castro,4
73,Shawn Lee,9
28,Theresa Neal,3
105,Nina Norris,3
88,Stacy Ibarra,3
85,Bradley Barr,7
78,Ashley Castro,7
93,Derek Wilkins,7
75,Lisa Campos,8
37,William Hernandez,5
12,Brian Washington,5
102,Christopher Mcdonald,8
22,Sherry Patrick,8
26,Kyle Williams PhD,7
73,Shawn Lee,6
39,Sara Crawford,3
52,Colleen Nguyen,9
93,Derek Wilkins,4
34,Jason Wilson,7
75,Lisa Campos,5
6,Joseph Hernandez,6
69,Angela Fuller,8
49,Rebecca Wallace,4
42,Amy Matthews,2
105,Nina Norris,0
75,Lisa Campos,2
96,David Nelson,7
81,James Hodge,5
69,Angela Fuller,5
46,Laura Watts,5
97,Sharon Brooks,1
86,Megan King,9
54,Juan Lopez,6
22,Sherry Patrick,1
89,Randy Gentry,6
61,Paul Hoover,2
24,Sara Klein,4
70,Angela Hunt,8
25,Mario Crawford,8
16,Michael Neal,7
24,Sara Klein,4
42,Amy Matthews,4
69,Angela Fuller,5
91,Rebecca Buchanan,3
9,Jennifer Sims,8
24,Sara Klein,8
31,Shane Harris,2
96,David Nelson,7
37,William Hernandez,3
58,Jeffrey Cox,1
59,John Fox,3
34,Jason Wilson,9
27,Brianna Casey,5
97,Sharon Brooks,6
15,Stephanie Hayes,7
42,Amy Matthews,4
50,Jeremy Williams,0
72,Cindy Walters,8
6,Joseph Hernandez,7
74,George Arroyo,9
16,Michael Neal,1
47,Tammy Garcia,1
43,Micheal Thomas,9
28,Theresa Neal,4
94,Michael Lee,5
44,Beth Guzman,6
75,Lisa Campos,1
83,Donna Davis,7
80,Beth Fisher,2
67,Thomas Carroll,1
80,Beth Fisher,3
9,Jennifer Sims,1
53,Andrew Neal,5
100,Daniel Harris,1
43,Micheal Thomas,7
50,Jeremy Williams,1
26,Kyle Williams PhD,2
50,Jeremy Williams,6
64,Brenda Moore,5
99,Jennifer Hill,3
100,Daniel Harris,3
87,Andrew Newman,2
23,Joseph Nelson,0
46,Laura Watts,3
17,Janet Carson,7
64,Brenda Moore,6
34,Jason Wilson,6
63,Holly Santiago,0
8,Audrey Bean,5
74,George Arroyo,7
66,James Morris,0
74,George Arroyo,9
86,Megan King,4
39,Sara Crawford,0
29,Billy Tate,9
14,Robert Carrillo,4
99,Jennifer Hill,1
65,David Nichols,8
25,Mario Crawford,5
23,Joseph Nelson,7
36,Christopher Villa,7
58,Jeffrey Cox,5
21,Brittany Wright,2
69,Angela Fuller,6
18,Shannon White,4
37,William Hernandez,7
43,Micheal Thomas,9
7,John Daugherty,6
85,Bradley Barr,4
50,Jeremy Williams,1
90,Adam White,6
100,Daniel Harris,3
14,Robert Carrillo,1
60,Olivia Scott,1
42,Amy Matthews,6
6,Joseph Hernandez,1
72,Cindy Walters,0
48,Tracy Graham,6
42,Amy Matthews,4
34,Jason Wilson,5
38,Leslie Jones,0
100,Daniel Harris,3
86,Megan King,1
88,Stacy Ibarra,8
6,Joseph Hernandez,8
100,Daniel Harris,0
48,Tracy Graham,3
15,Stephanie Hayes,1
74,George Arroyo,5
97,Sharon Brooks,2
78,Ashley Castro,4
55,Daniel Mccarty,7
97,Sharon Brooks,4
69,Angela Fuller,6
103,Peter Ball,9
15,Stephanie Hayes,2
61,Paul Hoover,8
29,Billy Tate,8
63,Holly Santiago,4
49,Rebecca Wallace,5
103,Peter Ball,6
102,Christopher Mcdonald,2
55,Daniel Mccarty,8
13,Taylor Ortega,1
25,Mario Crawford,2
48,Tracy Graham,9
70,Angela Hunt,7
88,Stacy Ibarra,8
83,Donna Davis,2
17,Janet Carson,4
19,Greg Peterson,7
21,Brittany Wright,8
7,John Daugherty,9
100,Daniel Harris,3
63,Holly Santiago,2
28,Theresa Neal,9
19,Greg Peterson,3
103,Peter Ball,7
15,Stephanie Hayes,9
75,Lisa Campos,6
17,Janet Carson,5
77,Darryl Wood,6
52,Colleen Nguyen,9
40,Marcus Berry,9
64,Brenda Moore,4
8,Audrey Bean,0
97,Sharon Brooks,8
104,Rachel Jenkins,7
87,Andrew Newman,0
70,Angela Hunt,6
103,Peter Ball,3
74,George Arroyo,5
41,Victoria Mann,1
38,Leslie Jones,9
59,John Fox,9
11,Allison Roy,6
74,George Arroyo,0
42,Amy Matthews,8
95,Andrew Bell,2
65,David Nichols,4
14,Robert Carrillo,3
13,Taylor Ortega,0
83,Donna Davis,5
101,Margaret Ray,7
67,Thomas Carroll,3
26,Kyle Williams PhD,0
32,William Mitchell,1
57,Dr. Julie Bruce,2
47,Tammy Garcia,8
33,Christopher Moore,2
34,Jason Wilson,7
55,Daniel Mccarty,4
48,Tracy Graham,1
90,Adam White,8
38,Leslie Jones,3
82,Kyle Aguilar,6
11,Allison Roy,1
77,Darryl Wood,8
25,Mario Crawford,4
84,Craig Martin,5
92,Kevin Everett,1
85,Bradley Barr,0
98,Brian Velazquez,1
91,Rebecca Buchanan,8
14,Robert Carrillo,1
65,David Nichols,3
6,Joseph Hernandez,3
89,Randy Gentry,8
65,David Nichols,9
86,Megan King,1
47,Tammy Garcia,5
52,Colleen Nguyen,3
98,Brian Velazquez,3
24,Sara Klein,7
70,Angela Hunt,5
91,Rebecca Buchanan,8
86,Megan King,2
9,Jennifer Sims,7
34,Jason Wilson,3
88,Stacy Ibarra,8
38,Leslie Jones,1
52,Colleen Nguyen,3
13,Taylor Ortega,8
39,Sara Crawford,4
98,Brian Velazquez,7
93,Derek Wilkins,9
95,Andrew Bell,2
14,Robert Carrillo,5
24,Sara Klein,7
24,Sara Klein,4
72,Cindy Walters,0
50,Jeremy Williams,3
13,Taylor Ortega,2
6,Joseph Hernandez,9
39,Sara Crawford,5
42,Amy Matthews,9
13,Taylor Ortega,6
80,Beth Fisher,8
85,Bradley Barr,4
68,Sara Williams,6
67,Thomas Carroll,3
85,Bradley Barr,5
59,John Fox,3
72,Cindy Walters,2
85,Bradley Barr,5
69,Angela Fuller,6
40,Marcus Berry,7
93,Derek Wilkins,0
94,Michael Lee,4
32,William Mitchell,0
90,Adam White,2
7,John Daugherty,6
73,Shawn Lee,9
55,Daniel Mccarty,5
11,Allison Roy,3
90,Adam White,2
85,Bradley Barr,1
12,Brian Washington,8
42,Amy Matthews,3
34,Jason Wilson,1
15,Stephanie Hayes,2
59,John Fox,7
102,Christopher Mcdonald,2
36,Christopher Villa,1
78,Ashley Castro,0
52,Colleen Nguyen,2
70,Angela Hunt,7
83,Donna Davis,0
57,Dr. Julie Bruce,8
30,William Salazar,9
93,Derek Wilkins,4
51,Derek Owens,4
105,Nina Norris,6
20,Christina Diaz,4
95,Andrew Bell,6
18,Shannon White,2
64,Brenda Moore,4
61,Paul Hoover,1
76,Eric Ryan,2
28,Theresa Neal,3
27,Brianna Casey,3
39,Sara Crawford,4
19,Greg Peterson,5
76,Eric Ryan,2
90,Adam White,1
104,Rachel Jenkins,0
49,Rebecca Wallace,7
44,Beth Guzman,5
58,Jeffrey Cox,8
58,Jeffrey Cox,3
24,Sara Klein,4
99,Jennifer Hill,3
88,Stacy Ibarra,6
103,Peter Ball,9
13,Taylor Ortega,2
61,Paul Hoover,0
87,Andrew Newman,6
65,David Nichols,3
16,Michael Neal,8
80,Beth Fisher,2
23,Joseph Nelson,1
75,Lisa Campos,5
64,Brenda Moore,2
72,Cindy Walters,1
105,Nina Norris,8
96,David Nelson,0
101,Margaret Ray,2
10,Dylan Smith Jr.,3
6,Joseph Hernandez,9
20,Christina Diaz,0
105,Nina Norris,3
26,Kyle Williams PhD,1
33,Christopher Moore,6
75,Lisa Campos,0
51,Derek Owens,5
18,Shannon White,2
81,James Hodge,5
103,Peter Ball,1
48,Tracy Graham,1
61,Paul Hoover,2
98,Brian Velazquez,0
48,Tracy Graham,8
85,Bradley Barr,3
83,Donna Davis,4
32,William Mitchell,1
91,Rebecca Buchanan,3
32,William Mitchell,8
39,Sara Crawford,3
83,Donna Davis,5
17,Janet Carson,4
40,Marcus Berry,2
89,Randy Gentry,8
22,Sherry Patrick,5
72,Cindy Walters,1
22,Sherry Patrick,9
7,John Daugherty,4
31,Shane Harris,6
8,Audrey Bean,9
84,Craig Martin,0
90,Adam White,5
39,Sara Crawford,8
41,Victoria Mann,0
69,Angela Fuller,0
24,Sara Klein,1
76,Eric Ryan,0
20,Christina Diaz,6
6,Joseph Hernandez,4
45,Lynn Bradley,1
18,Shannon White,2
48,Tracy Graham,1
79,Helen Zamora,3
7,John Daugherty,3
7,John Daugherty,6
30,William Salazar,4
105,Nina Norris,3
8,Audrey Bean,4
89,Randy Gentry,9
30,William Salazar,0
93,Derek Wilkins,6
82,Kyle Aguilar,4
70,Angela Hunt,9
31,Shane Harris,2
65,David Nichols,0
15,Stephanie Hayes,5
66,James Morris,4
86,Megan King,7
16,Michael Neal,8
70,Angela Hunt,7
100,Daniel Harris,6
28,Theresa Neal,6
15,Stephanie Hayes,9
81,James Hodge,3
45,Lynn Bradley,4
22,Sherry Patrick,3
50,Jeremy Williams,1
40,Marcus Berry,4
67,Thomas Carroll,6
100,Daniel Harris,5
81,James Hodge,1
68,Sara Williams,2
98,Brian Velazquez,8
40,Marcus Berry,4
60,Olivia Scott,4
47,Tammy Garcia,6
93,Derek Wilkins,5
32,William Mitchell,2
47,Tammy Garcia,7
84,Craig Martin,2
30,William Salazar,1
78,Ashley Castro,1
58,Jeffrey Cox,6
75,Lisa Campos,2
44,Beth Guzman,3
24,Sara Klein,5
54,Juan Lopez,3
44,Beth Guzman,8
19,Greg Peterson,3
17,Janet Carson,1
103,Peter Ball,6
53,Andrew Neal,6
27,Brianna Casey,3
92,Kevin Everett,8
26,Kyle Williams PhD,4
29,Billy Tate,2
74,George Arroyo,5
32,William Mitchell,0
11,Allison Roy,7
16,Michael Neal,1
58,Jeffrey Cox,3
60,Olivia Scott,5
32,William Mitchell,7
38,Leslie Jones,8
13,Taylor Ortega,2
43,Micheal Thomas,7
70,Angela Hunt,0
42,Amy Matthews,3
79,Helen Zamora,9
92,Kevin Everett,8
44,Beth Guzman,0
38,Leslie Jones,1
96,David Nelson,2
74,George Arroyo,6
56,Whitney Morrison,8
21,Brittany Wright,5
60,Olivia Scott,2
89,Randy Gentry,6
41,Victoria Mann,8
37,William Hernandez,6
61,Paul Hoover,3
104,Rachel Jenkins,6
15,Stephanie Hayes,2
36,Christopher Villa,7
13,Taylor Ortega,3
22,Sherry Patrick,3
52,Colleen Nguyen,8
41,Victoria Mann,0
77,Darryl Wood,0
95,Andrew Bell,0
93,Derek Wilkins,0
65,David Nichols,0
89,Randy Gentry,0
30,William Salazar,2
47,Tammy Garcia,5
87,Andrew Newman,3
35,Kelly Mendez,9
17,Janet Carson,1
101,Margaret Ray,7
14,Robert Carrillo,0
90,Adam White,6
54,Juan Lopez,9
94,Michael Lee,5
50,Jeremy Williams,6
74,George Arroyo,7
14,Robert Carrillo,5
79,Helen Zamora,1
28,Theresa Neal,3
54,Juan Lopez,3
46,Laura Watts,1
12,Brian Washington,2
93,Derek Wilkins,1
20,Christina Diaz,6
101,Margaret Ray,9
13,Taylor Ortega,8
59,John Fox,3
28,Theresa Neal,6
34,Jason Wilson,0
17,Janet Carson,6
58,Jeffrey Cox,8
26,Kyle Williams PhD,0
17,Janet Carson,1
74,George Arroyo,8
99,Jennifer Hill,6
74,George Arroyo,9
51,Derek Owens,6
39,Sara Crawford,3
100,Daniel Harris,8
15,Stephanie Hayes,5
43,Micheal Thomas,7
19,Greg Peterson,1
58,Jeffrey Cox,0
99,Jennifer Hill,6
53,Andrew Neal,2
30,William Salazar,2
35,Kelly Mendez,7
65,David Nichols,0
35,Kelly Mendez,4
64,Brenda Moore,7
33,Christopher Moore,4
58,Jeffrey Cox,7
12,Brian Washington,3
83,Donna Davis,3
18,Shannon White,0
19,Greg Peterson,2
101,Margaret Ray,6
33,Christopher Moore,2
63,Holly Santiago,5
71,Joseph Baxter,8
35,Kelly Mendez,6
31,Shane Harris,8
105,Nina Norris,8
66,James Morris,2
67,Thomas Carroll,3
72,Cindy Walters,6
15,Stephanie Hayes,7
89,Randy Gentry,5
50,Jeremy Williams,7
86,Megan King,5
7,John Daugherty,6
53,Andrew Neal,6
34,Jason Wilson,7
30,William Salazar,6
84,Craig Martin,7
16,Michael Neal,0
62,Veronica Green,7
59,John Fox,2
82,Kyle Aguilar,4
7,John Daugherty,6
27,Brianna Casey,4
16,Michael Neal,6
78,Ashley Castro,4
56,Whitney Morrison,5
95,Andrew Bell,5
40,Marcus Berry,2
16,Michael Neal,1
53,Andrew Neal,4
71,Joseph Baxter,9
76,Eric Ryan,5
40,Marcus Berry,1
15,Stephanie Hayes,2
100,Daniel Harris,1
17,Janet Carson,8
30,William Salazar,2
71,Joseph Baxter,1
103,Peter Ball,1
101,Margaret Ray,1
69,Angela Fuller,7
28,Theresa Neal,3
98,Brian Velazquez,9
73,Shawn Lee,5
61,Paul Hoover,2
56,Whitney Morrison,7
96,David Nelson,6
100,Daniel Harris,9
40,Marcus Berry,7
47,Tammy Garcia,0
34,Jason Wilson,0
47,Tammy Garcia,3
79,Helen Zamora,3
80,Beth Fisher,4
24,Sara Klein,9
49,Rebecca Wallace,4
45,Lynn Bradley,9
21,Brittany Wright,1
46,Laura Watts,3
102,Christopher Mcdonald,3
100,Daniel Harris,4
54,Juan Lopez,6
84,Craig Martin,7
91,Rebecca Buchanan,7
99,Jennifer Hill,3
98,Brian Velazquez,7
92,Kevin Everett,1
20,Christina Diaz,5
10,Dylan Smith Jr.,9
78,Ashley Castro,0
23,Joseph Nelson,4
99,Jennifer Hill,2
85,Bradley Barr,6
17,Janet Carson,9
29,Billy Tate,2
29,Billy Tate,8
47,Tammy Garcia,1
37,William Hernandez,8
64,Brenda Moore,7
85,Bradley Barr,2
88,Stacy Ibarra,5
91,Rebecca Buchanan,0
43,Micheal Thomas,2
21,Brittany Wright,5
78,Ashley Castro,3
29,Billy Tate,9
30,William Salazar,0
102,Christopher Mcdonald,5
46,Laura Watts,3
23,Joseph Nelson,9
35,Kelly Mendez,5
62,Veronica Green,3
37,William Hernandez,0
79,Helen Zamora,5
38,Leslie Jones,6
27,Brianna Casey,7
32,William Mitchell,5
11,Allison Roy,3
59,John Fox,4
23,Joseph Nelson,3
87,Andrew Newman,2
59,John Fox,9
11,Allison Roy,2
17,Janet Carson,0
47,Tammy Garcia,5
20,Christina Diaz,6
33,Christopher Moore,0
77,Darryl Wood,7
37,William Hernandez,5
39,Sara Crawford,5
41,Victoria Mann,8
88,Stacy Ibarra,0
98,Brian Velazquez,2
27,Brianna Casey,2
55,Daniel Mccarty,6
73,Shawn Lee,3
56,Whitney Morrison,1
102,Christopher Mcdonald,0
18,Shannon White,4
40,Marcus Berry,7
104,Rachel Jenkins,4
13,Taylor Ortega,2
30,William Salazar,4
7,John Daugherty,0
86,Megan King,5
68,Sara Williams,1
45,Lynn Bradley,2
63,Holly Santiago,2
29,Billy Tate,7
50,Jeremy Williams,1
27,Brianna Casey,6
49,Rebecca Wallace,8
78,Ashley Castro,2
48,Tracy Graham,8
57,Dr. Julie Bruce,0
80,Beth Fisher,4
86,Megan King,9
65,David Nichols,9
75,Lisa Campos,4
28,Theresa Neal,8
85,Bradley Barr,8
99,Jennifer Hill,5
52,Colleen Nguyen,7
11,Allison Roy,9
89,Randy Gentry,9
12,Brian Washington,7
60,Olivia Scott,7
58,Jeffrey Cox,0
41,Victoria Mann,7
82,Kyle Aguilar,5
79,Helen Zamora,3
55,Daniel Mccarty,5
33,Christopher Moore,7
32,William Mitchell,9
70,Angela Hunt,0
13,Taylor Ortega,5
73,Shawn Lee,0
11,Allison Roy,0
35,Kelly Mendez,8
32,William Mitchell,6
53,Andrew Neal,6
21,Brittany Wright,2
15,Stephanie Hayes,0
27,Brianna Casey,2
9,Jennifer Sims,5
103,Peter Ball,2
67,Thomas Carroll,1
27,Brianna Casey,1
24,Sara Klein,5
88,Stacy Ibarra,0
65,David Nichols,5
55,Daniel Mccarty,6
55,Daniel Mccarty,7
80,Beth Fisher,1
10,Dylan Smith Jr.,5
61,Paul Hoover,1
89,Randy Gentry,3
41,Victoria Mann,4
58,Jeffrey Cox,2
54,Juan Lopez,4
11,Allison Roy,6
49,Rebecca Wallace,7
62,Veronica Green,0
40,Marcus Berry,2
81,James Hodge,1
42,Amy Matthews,7
82,Kyle Aguilar,9
82,Kyle Aguilar,9
38,Leslie Jones,8
31,Shane Harris,7
15,Stephanie Hayes,7
102,Christopher Mcdonald,0
32,William Mitchell,2
22,Sherry Patrick,6
24,Sara Klein,2
23,Joseph Nelson,3
52,Colleen Nguyen,3
56,Whitney Morrison,9
22,Sherry Patrick,8
13,Taylor Ortega,1
10,Dylan Smith Jr.,4
31,Shane Harris,7
68,Sara Williams,1
99,Jennifer Hill,0
20,Christina Diaz,7
102,Christopher Mcdonald,7
14,Robert Carrillo,5
77,Darryl Wood,7
26,Kyle Williams PhD,7
28,Theresa Neal,6
26,Kyle Williams PhD,5
40,Marcus Berry,2
103,Peter Ball,7
59,John Fox,7
93,Derek Wilkins,3
59,John Fox,9
25,Mario Crawford,1
43,Micheal Thomas,6
92,Kevin Everett,0
84,Craig Martin,7
70,Angela Hunt,0
17,Janet Carson,4
36,Christopher Villa,8
79,Helen Zamora,1
103,Peter Ball,8
81,James Hodge,5
14,Robert Carrillo,8
80,Beth Fisher,1
95,Andrew Bell,6
69,Angela Fuller,1
73,Shawn Lee,0
30,William Salazar,4
74,George Arroyo,4
36,Christopher Villa,5
98,Brian Velazquez,2
103,Peter Ball,5
28,Theresa Neal,3
88,Stacy Ibarra,7
53,Andrew Neal,9
9,Jennifer Sims,0
48,Tracy Graham,9
46,Laura Watts,0
86,Megan King,5
22,Sherry Patrick,7
77,Darryl Wood,4
105,Nina Norris,0
16,Michael Neal,7
71,Joseph Baxter,4
94,Michael Lee,3
46,Laura Watts,2
86,Megan King,4
26,Kyle Williams PhD,6
14,Robert Carrillo,9
12,Brian Washington,7
68,Sara Williams,0
12,Brian Washington,8
32,William Mitchell,5
14,Robert Carrillo,8
89,Randy Gentry,1
28,Theresa Neal,2
94,Michael Lee,1
47,Tammy Garcia,7
60,Olivia Scott,0
64,Brenda Moore,1
37,William Hernandez,4
18,Shannon White,8
55,Daniel Mccarty,5
97,Sharon Brooks,2
15,Stephanie Hayes,8
53,Andrew Neal,8
38,Leslie Jones,0
104,Rachel Jenkins,5
76,Eric Ryan,4
17,Janet Carson,3
22,Sherry Patrick,9
55,Daniel Mccarty,9
13,Taylor Ortega,3
56,Whitney Morrison,2
85,Bradley Barr,9
40,Marcus Berry,2
35,Kelly Mendez,4
16,Michael Neal,8
52,Colleen Nguyen,0
33,Christopher Moore,6
98,Brian Velazquez,6
37,William Hernandez,0
70,Angela Hunt,1
39,Sara Crawford,3
97,Sharon Brooks,1
50,Jeremy Williams,5
37,William Hernandez,6
26,Kyle Williams PhD,7
96,David Nelson,0
64,Brenda Moore,5
96,David Nelson,6
57,Dr. Julie Bruce,4
55,Daniel Mccarty,7
29,Billy Tate,2
8,Audrey Bean,8
46,Laura Watts,5
93,Derek Wilkins,7
70,Angela Hunt,9
54,Juan Lopez,2
21,Brittany Wright,8
68,Sara Williams,4
104,Rachel Jenkins,2
95,Andrew Bell,5
49,Rebecca Wallace,8
92,Kevin Everett,9
76,Eric Ryan,3
49,Rebecca Wallace,4
24,Sara Klein,9
76,Eric Ryan,2
68,Sara Williams,3
99,Jennifer Hill,4
86,Megan King,6
40,Marcus Berry,1
44,Beth Guzman,8
51,Derek Owens,2
16,Michael Neal,1
27,Brianna Casey,4
28,Theresa Neal,4
102,Christopher Mcdonald,2
27,Brianna Casey,7
42,Amy Matthews,2
40,Marcus Berry,0
39,Sara Crawford,2
88,Stacy Ibarra,5
26,Kyle Williams PhD,9
35,Kelly Mendez,9
86,Megan King,4
101,Margaret Ray,5
15,Stephanie Hayes,6
84,Craig Martin,8
80,Beth Fisher,8
16,Michael Neal,1
35,Kelly Mendez,8
48,Tracy Graham,2
103,Peter Ball,2
85,Bradley Barr,1
105,Nina Norris,7
31,Shane Harris,5
95,Andrew Bell,1
35,Kelly Mendez,9
62,Veronica Green,3
79,Helen Zamora,4
34,Jason Wilson,0
43,Micheal Thomas,9
13,Taylor Ortega,3
40,Marcus Berry,3
105,Nina Norris,4
39,Sara Crawford,6
81,James Hodge,2
19,Greg Peterson,5
49,Rebecca Wallace,8
29,Billy Tate,3
75,Lisa Campos,3
83,Donna Davis,0
69,Angela Fuller,9
80,Beth Fisher,0
70,Angela Hunt,6
72,Cindy Walters,1
63,Holly Santiago,4
22,Sherry Patrick,4
41,Victoria Mann,1
8,Audrey Bean,4
15,Stephanie Hayes,4
23,Joseph Nelson,2
84,Craig Martin,7
52,Colleen Nguyen,1
93,Derek Wilkins,6
95,Andrew Bell,5
45,Lynn Bradley,1
79,Helen Zamora,8
82,Kyle Aguilar,7
84,Craig Martin,8
102,Christopher Mcdonald,6
64,Brenda Moore,6
13,Taylor Ortega,7
78,Ashley Castro,1
102,Christopher Mcdonald,5
19,Greg Peterson,0
49,Rebecca Wallace,2
60,Olivia Scott,7
97,Sharon Brooks,5
21,Brittany Wright,8
53,Andrew Neal,4
48,Tracy Graham,7
94,Michael Lee,3
80,Beth Fisher,5
56,Whitney Morrison,6
72,Cindy Walters,3
44,Beth Guzman,2
33,Christopher Moore,2
62,Veronica Green,6
94,Michael Lee,6
58,Jeffrey Cox,9
53,Andrew Neal,3
27,Brianna Casey,1
91,Rebecca Buchanan,1
25,Mario Crawford,6
35,Kelly Mendez,0
38,Leslie Jones,3
99,Jennifer Hill,7
50,Jeremy Williams,1
43,Micheal Thomas,1
84,Craig Martin,7
49,Rebecca Wallace,4
58,Jeffrey Cox,7
93,Derek Wilkins,8
33,Christopher Moore,7
73,Shawn Lee,3
104,Rachel Jenkins,3
24,Sara Klein,9
42,Amy Matthews,9
81,James Hodge,0
34,Jason Wilson,4
39,Sara Crawford,9
32,William Mitchell,5
101,Margaret Ray,8
18,Shannon White,5
55,Daniel Mccarty,9
36,Christopher Villa,2
81,James Hodge,4
21,Brittany Wright,1
6,Joseph Hernandez,1
7,John Daugherty,2
67,Thomas Carroll,5
77,Darryl Wood,5
47,Tammy Garcia,0
67,Thomas Carroll,7
55,Daniel Mccarty,6
28,Theresa Neal,2
71,Joseph Baxter,3
39,Sara Crawford,2
93,Derek Wilkins,7
34,Jason Wilson,0
86,Megan King,8
102,Christopher Mcdonald,2
68,Sara Williams,0
39,Sara Crawford,2
90,Adam White,0
86,Megan King,3
84,Craig Martin,4
41,Victoria Mann,1
38,Leslie Jones,3
82,Kyle Aguilar,1
6,Joseph Hernandez,7
40,Marcus Berry,1
35,Kelly Mendez,6
52,Colleen Nguyen,5
14,Robert Carrillo,9
8,Audrey Bean,4
42,Amy Matthews,4
100,Daniel Harris,1
94,Michael Lee,4
37,William Hernandez,3
29,Billy Tate,4
91,Rebecca Buchanan,3
42,Amy Matthews,9
42,Amy Matthews,9
94,Michael Lee,7
10,Dylan Smith Jr.,7
25,Mario Crawford,9
65,David Nichols,8
91,Rebecca Buchanan,9
99,Jennifer Hill,6
70,Angela Hunt,6
50,Jeremy Williams,7
65,David Nichols,2
78,Ashley Castro,5
37,William Hernandez,6
73,Shawn Lee,5
83,Donna Davis,3
53,Andrew Neal,2
81,James Hodge,1
11,Allison Roy,4
50,Jeremy Williams,5
102,Christopher Mcdonald,4
34,Jason Wilson,9
38,Leslie Jones,5
95,Andrew Bell,8
35,Kelly Mendez,0
76,Eric Ryan,8
29,Billy Tate,8
13,Taylor Ortega,6
94,Michael Lee,4
68,Sara Williams,4
17,Janet Carson,7
83,Donna Davis,3
62,Veronica Green,2
14,Robert Carrillo,6
102,Christopher Mcdonald,2
98,Brian Velazquez,2
62,Veronica Green,6
31,Shane Harris,7
55,Daniel Mccarty,0
70,Angela Hunt,9
76,Eric Ryan,6
53,Andrew Neal,4
33,Christopher Moore,6
62,Veronica Green,8
23,Joseph Nelson,4
15,Stephanie Hayes,0
89,Randy Gentry,8
47,Tammy Garcia,7
103,Peter Ball,6
105,Nina Norris,7
8,Audrey Bean,6
27,Brianna Casey,0
93,Derek Wilkins,2
42,Amy Matthews,1
71,Joseph Baxter,4
23,Joseph Nelson,6
48,Tracy Graham,7
66,James Morris,6
83,Donna Davis,0
54,Juan Lopez,4
97,Sharon Brooks,8
94,Michael Lee,4
88,Stacy Ibarra,0
95,Andrew Bell,1
83,Donna Davis,9
55,Daniel Mccarty,5
29,Billy Tate,3
66,James Morris,7
63,Holly Santiago,6
41,Victoria Mann,3
9,Jennifer Sims,7
36,Christopher Villa,1
57,Dr. Julie Bruce,5
72,Cindy Walters,5
26,Kyle Williams PhD,2
62,Veronica Green,4
15,Stephanie Hayes,6
103,Peter Ball,9
104,Rachel Jenkins,0
69,Angela Fuller,1
31,Shane Harris,7
32,William Mitchell,2
15,Stephanie Hayes,0
17,Janet Carson,0
74,George Arroyo,3
60,Olivia Scott,1
8,Audrey Bean,5
22,Sherry Patrick,6
61,Paul Hoover,5
87,Andrew Newman,8
78,Ashley Castro,3
18,Shannon White,0
18,Shannon White,7
7,John Daugherty,4
20,Christina Diaz,8
91,Rebecca Buchanan,9
33,Christopher Moore,9
40,Marcus Berry,0
39,Sara Crawford,2
100,Daniel Harris,1
105,Nina Norris,5
95,Andrew Bell,9
7,John Daugherty,6
103,Peter Ball,4
98,Brian Velazquez,4
19,Greg Peterson,8
72,Cindy Walters,7
67,Thomas Carroll,4
62,Veronica Green,2
54,Juan Lopez,7
24,Sara Klein,7
50,Jeremy Williams,3
76,Eric Ryan,0
50,Jeremy Williams,3
53,Andrew Neal,6
22,Sherry Patrick,7
27,Brianna Casey,2
105,Nina Norris,9
85,Bradley Barr,9
38,Leslie Jones,4
47,Tammy Garcia,4
50,Jeremy Williams,9
37,William Hernandez,4
93,Derek Wilkins,9
76,Eric Ryan,7
61,Paul Hoover,1
74,George Arroyo,3
12,Brian Washington,5
80,Beth Fisher,3
85,Bradley Barr,0
56,Whitney Morrison,2
88,Stacy Ibarra,2
49,Rebecca Wallace,8
55,Daniel Mccarty,3
48,Tracy Graham,4
20,Christina Diaz,6
24,Sara Klein,6
44,Beth Guzman,5
20,Christina Diaz,5
33,Christopher Moore,6
82,Kyle Aguilar,5
52,Colleen Nguyen,6
88,Stacy Ibarra,1
29,Billy Tate,1
46,Laura Watts,7
21,Brittany Wright,9
46,Laura Watts,4
43,Micheal Thomas,4
48,Tracy Graham,1
16,Michael Neal,8
9,Jennifer Sims,1
44,Beth Guzman,3
104,Rachel Jenkins,2
47,Tammy Garcia,3
18,Shannon White,6
54,Juan Lopez,5
31,Shane Harris,9
35,Kelly Mendez,2
45,Lynn Bradley,7
44,Beth Guzman,0
94,Michael Lee,8
95,Andrew Bell,6
41,Victoria Mann,9
91,Rebecca Buchanan,9
72,Cindy Walters,1
83,Donna Davis,3
50,Jeremy Williams,7
49,Rebecca Wallace,1
85,Bradley Barr,9
91,Rebecca Buchanan,0
7,John Daugherty,9
102,Christopher Mcdonald,7
21,Brittany Wright,8
14,Robert Carrillo,7
52,Colleen Nguyen,3
70,Angela Hunt,2
50,Jeremy Williams,8
30,William Salazar,3
56,Whitney Morrison,7
77,Darryl Wood,0
71,Joseph Baxter,5
49,Rebecca Wallace,9
88,Stacy Ibarra,3
83,Donna Davis,5
26,Kyle Williams PhD,6
77,Darryl Wood,4
33,Christopher Moore,6
94,Michael Lee,4
54,Juan Lopez,7
87,Andrew Newman,3
53,Andrew Neal,9
9,Jennifer Sims,8
84,Craig Martin,1
46,Laura Watts,4
63,Holly Santiago,2
63,Holly Santiago,9
71,Joseph Baxter,8
42,Amy Matthews,8
94,Michael Lee,7
101,Margaret Ray,5
97,Sharon Brooks,1
32,William Mitchell,2
14,Robert Carrillo,9
59,John Fox,6
58,Jeffrey Cox,3
13,Taylor Ortega,2
25,Mario Crawford,8
47,Tammy Garcia,0
56,Whitney Morrison,6
18,Shannon White,8
66,James Morris,2
30,William Salazar,6
26,Kyle Williams PhD,7
60,Olivia Scott,7
36,Christopher Villa,4
66,James Morris,9
12,Brian Washington,0
18,Shannon White,9
102,Christopher Mcdonald,0
74,George Arroyo,4
37,William Hernandez,7
87,Andrew Newman,1
40,Marcus Berry,6
25,Mario Crawford,8
72,Cindy Walters,1
103,Peter Ball,2
72,Cindy Walters,6
47,Tammy Garcia,7
103,Peter Ball,6
88,Stacy Ibarra,5
60,Olivia Scott,9
33,Christopher Moore,3
37,William Hernandez,2
29,Billy Tate,6
54,Juan Lopez,5
66,James Morris,3
14,Robert Carrillo,0
17,Janet Carson,0
57,Dr. Julie Bruce,8
78,Ashley Castro,5
77,Darryl Wood,3
83,Donna Davis,8
40,Marcus Berry,1
57,Dr. Julie Bruce,0
14,Robert Carrillo,1
77,Darryl Wood,4
36,Christopher Villa,0
81,James Hodge,9
89,Randy Gentry,0
55,Daniel Mccarty,5
43,Micheal Thomas,0
58,Jeffrey Cox,5
32,William Mitchell,5
15,Stephanie Hayes,9
60,Olivia Scott,6
58,Jeffrey Cox,5
97,Sharon Brooks,8
17,Janet Carson,8
32,William Mitchell,1
52,Colleen Nguyen,6
77,Darryl Wood,2
39,Sara Crawford,5
30,William Salazar,1
16,Michael Neal,8
56,Whitney Morrison,2
103,Peter Ball,3
86,Megan King,8
8,Audrey Bean,2
29,Billy Tate,1
39,Sara Crawford,9
35,Kelly Mendez,8
31,Shane Harris,1
95,Andrew Bell,9
102,Christopher Mcdonald,3
51,Derek Owens,1
57,Dr. Julie Bruce,1
70,Angela Hunt,4
36,Christopher Villa,5
70,Angela Hunt,1
74,George Arroyo,1
14,Robert Carrillo,1
37,William Hernandez,5
29,Billy Tate,3
88,Stacy Ibarra,6
30,William Salazar,7
43,Micheal Thomas,0
62,Veronica Green,2
15,Stephanie Hayes,8
20,Christina Diaz,7
86,Megan King,7
17,Janet Carson,3
94,Michael Lee,1
11,Allison Roy,0
56,Whitney Morrison,6
62,Veronica Green,6
97,Sharon Brooks,0
19,Greg Peterson,4
52,Colleen Nguyen,4
69,Angela Fuller,1
14,Robert Carrillo,5
10,Dylan Smith Jr.,6
87,Andrew Newman,2
13,Taylor Ortega,6
100,Daniel Harris,0
18,Shannon White,7
77,Darryl Wood,2
7,John Daugherty,2
26,Kyle Williams PhD,1
79,Helen Zamora,0
54,Juan Lopez,1
34,Jason Wilson,2
45,Lynn Bradley,4
76,Eric Ryan,6
59,John Fox,8
82,Kyle Aguilar,2
67,Thomas Carroll,6
36,Christopher Villa,1
80,Beth Fisher,3
86,Megan King,1
13,Taylor Ortega,8
21,Brittany Wright,7
59,John Fox,8
29,Billy Tate,1
14,Robert Carrillo,8
36,Christopher Villa,5
59,John Fox,7
105,Nina Norris,6
103,Peter Ball,2
57,Dr. Julie Bruce,5
59,John Fox,0
71,Joseph Baxter,3
89,Randy Gentry,6
42,Amy Matthews,6
87,Andrew Newman,9
42,Amy Matthews,5
29,Billy Tate,7
57,Dr. Julie Bruce,1
35,Kelly Mendez,0
99,Jennifer Hill,3
90,Adam White,3
58,Jeffrey Cox,0
82,Kyle Aguilar,6
48,Tracy Graham,2
66,James Morris,6
24,Sara Klein,0
52,Colleen Nguyen,3
43,Micheal Thomas,9
41,Victoria Mann,8
67,Thomas Carroll,3
88,Stacy Ibarra,3
16,Michael Neal,5
99,Jennifer Hill,0
12,Brian Washington,7
96,David Nelson,9
39,Sara Crawford,1
19,Greg Peterson,6
35,Kelly Mendez,2
69,Angela Fuller,9
91,Rebecca Buchanan,5
36,Christopher Villa,3
48,Tracy Graham,5
55,Daniel Mccarty,6
35,Kelly Mendez,3
41,Victoria Mann,0
55,Daniel Mccarty,0
93,Derek Wilkins,7
96,David Nelson,8
34,Jason Wilson,8
41,Victoria Mann,3
54,Juan Lopez,1
26,Kyle Williams PhD,9
83,Donna Davis,6
23,Joseph Nelson,7
89,Randy Gentry,0
21,Brittany Wright,4
29,Billy Tate,2
6,Joseph Hernandez,9
38,Leslie Jones,0
17,Janet Carson,1
46,Laura Watts,4
88,Stacy Ibarra,8
49,Rebecca Wallace,9
21,Brittany Wright,4
29,Billy Tate,8
30,William Salazar,9
37,William Hernandez,7
36,Christopher Villa,6
78,Ashley Castro,9
38,Leslie Jones,9
41,Victoria Mann,0
92,Kevin Everett,7
78,Ashley Castro,2
60,Olivia Scott,0
68,Sara Williams,3
16,Michael Neal,3
70,Angela Hunt,0
89,Randy Gentry,5
87,Andrew Newman,8
60,Olivia Scott,2
63,Holly Santiago,7
105,Nina Norris,2
16,Michael Neal,6
64,Brenda Moore,9
92,Kevin Everett,7
6,Joseph Hernandez,1
11,Allison Roy,5
63,Holly Santiago,4
94,Michael Lee,9
103,Peter Ball,1
96,David Nelson,3
55,Daniel Mccarty,6
50,Jeremy Williams,1
32,William Mitchell,8
56,Whitney Morrison,4
9,Jennifer Sims,4
27,Brianna Casey,2
36,Christopher Villa,1
103,Peter Ball,2
87,Andrew Newman,3
10,Dylan Smith Jr.,2
75,Lisa Campos,8
22,Sherry Patrick,6
84,Craig Martin,0
27,Brianna Casey,6
84,Craig Martin,7
11,Allison Roy,3
91,Rebecca Buchanan,1
95,Andrew Bell,4
9,Jennifer Sims,5
79,Helen Zamora,3
95,Andrew Bell,6
64,Brenda Moore,3
72,Cindy Walters,6
17,Janet Carson,9
39,Sara Crawford,5
81,James Hodge,3
17,Janet Carson,6
55,Daniel Mccarty,0
23,Joseph Nelson,1
83,Donna Davis,6
16,Michael Neal,6
64,Brenda Moore,7
82,Kyle Aguilar,0
12,Brian Washington,2
34,Jason Wilson,8
11,Allison Roy,3
99,Jennifer Hill,9
63,Holly Santiago,7
77,Darryl Wood,3
66,James Morris,9
13,Taylor Ortega,1
26,Kyle Williams PhD,5
66,James Morris,6
57,Dr. Julie Bruce,0
96,David Nelson,5
79,Helen Zamora,5
33,Christopher Moore,5
14,Robert Carrillo,0
39,Sara Crawford,2
41,Victoria Mann,5
79,Helen Zamora,7
80,Beth Fisher,8
94,Michael Lee,3
101,Margaret Ray,8
63,Holly Santiago,6
18,Shannon White,0
83,Donna Davis,2
70,Angela Hunt,4
63,Holly Santiago,7
103,Peter Ball,0
8,Audrey Bean,3
96,David Nelson,2
87,Andrew Newman,4
30,William Salazar,0
22,Sherry Patrick,4
78,Ashley Castro,4
90,Adam White,0
85,Bradley Barr,8
63,Holly Santiago,1
7,John Daugherty,9
38,Leslie Jones,7
36,Christopher Villa,0
57,Dr. Julie Bruce,3
84,Craig Martin,6
49,Rebecca Wallace,9
36,Christopher Villa,2
71,Joseph Baxter,7
45,Lynn Bradley,4
22,Sherry Patrick,9
104,Rachel Jenkins,4
88,Stacy Ibarra,9
10,Dylan Smith Jr.,1
94,Michael Lee,7
24,Sara Klein,7
44,Beth Guzman,7
45,Lynn Bradley,8
15,Stephanie Hayes,1
12,Brian Washington,3
90,Adam White,8
15,Stephanie Hayes,0
21,Brittany Wright,9
32,William Mitchell,7
23,Joseph Nelson,3
59,John Fox,5
84,Craig Martin,7
59,John Fox,7
65,David Nichols,2
22,Sherry Patrick,8
10,Dylan Smith Jr.,9
47,Tammy Garcia,3
24,Sara Klein,4
94,Michael Lee,0
23,Joseph Nelson,4
8,Audrey Bean,0
18,Shannon White,6
88,Stacy Ibarra,3
28,Theresa Neal,4
16,Michael Neal,5
55,Daniel Mccarty,0
9,Jennifer Sims,6
77,Darryl Wood,9
23,Joseph Nelson,1
9,Jennifer Sims,0
16,Michael Neal,6
48,Tracy Graham,3
59,John Fox,6
90,Adam White,1
8,Audrey Bean,4
90,Adam White,7
29,Billy Tate,5
76,Eric Ryan,3
37,William Hernandez,8
28,Theresa Neal,9
77,Darryl Wood,4
26,Kyle Williams PhD,8
23,Joseph Nelson,6
32,William Mitchell,3
70,Angela Hunt,1
52,Colleen Nguyen,0
28,Theresa Neal,9
99,Jennifer Hill,2
24,Sara Klein,1
13,Taylor Ortega,4
55,Daniel Mccarty,2
94,Michael Lee,0
83,Donna Davis,8
54,Juan Lopez,6
26,Kyle Williams PhD,4
13,Taylor Ortega,9
52,Colleen Nguyen,6
61,Paul Hoover,3
65,David Nichols,7
56,Whitney Morrison,6
48,Tracy Graham,4
87,Andrew Newman,9
36,Christopher Villa,3
58,Jeffrey Cox,0
11,Allison Roy,1
51,Derek Owens,0
78,Ashley Castro,0
95,Andrew Bell,7
47,Tammy Garcia,0
20,Christina Diaz,7
12,Brian Washington,9
14,Robert Carrillo,3
67,Thomas Carroll,3
62,Veronica Green,4
46,Laura Watts,9
98,Brian Velazquez,8
100,Daniel Harris,2
36,Christopher Villa,9
33,Christopher Moore,3
29,Billy Tate,2
10,Dylan Smith Jr.,5
104,Rachel Jenkins,5
19,Greg Peterson,6
34,Jason Wilson,1
52,Colleen Nguyen,0
31,Shane Harris,3
79,Helen Zamora,5
100,Daniel Harris,9
92,Kevin Everett,5
45,Lynn Bradley,8
54,Juan Lopez,9
95,Andrew Bell,1
12,Brian Washington,7
47,Tammy Garcia,1
55,Daniel Mccarty,2
7,John Daugherty,7
66,James Morris,1
22,Sherry Patrick,9
27,Brianna Casey,2
66,James Morris,1
87,Andrew Newman,5
16,Michael Neal,8
31,Shane Harris,5
105,Nina Norris,7
10,Dylan Smith Jr.,3
44,Beth Guzman,0
19,Greg Peterson,7
40,Marcus Berry,4
71,Joseph Baxter,5
12,Brian Washington,4
37,William Hernandez,8
33,Christopher Moore,4
47,Tammy Garcia,6
74,George Arroyo,7
70,Angela Hunt,7
81,James Hodge,7
14,Robert Carrillo,0
20,Christina Diaz,2
25,Mario Crawford,6
6,Joseph Hernandez,5
62,Veronica Green,1
88,Stacy Ibarra,2
86,Megan King,8
64,Brenda Moore,9
52,Colleen Nguyen,6
11,Allison Roy,8
97,Sharon Brooks,4
14,Robert Carrillo,7
51,Derek Owens,1
100,Daniel Harris,7
87,Andrew Newman,1
94,Michael Lee,8
61,Paul Hoover,3
104,Rachel Jenkins,1
64,Brenda Moore,5
46,Laura Watts,2
15,Stephanie Hayes,1
24,Sara Klein,6
21,Brittany Wright,7
96,David Nelson,0
55,Daniel Mccarty,7
103,Peter Ball,8
105,Nina Norris,9
40,Marcus Berry,0
80,Beth Fisher,9
17,Janet Carson,9
98,Brian Velazquez,6
89,Randy Gentry,8
92,Kevin Everett,0
54,Juan Lopez,4
45,Lynn Bradley,5
27,Brianna Casey,9
25,Mario Crawford,9
15,Stephanie Hayes,6
78,Ashley Castro,9
15,Stephanie Hayes,9
11,Allison Roy,1
84,Craig Martin,4
39,Sara Crawford,9
85,Bradley Barr,5
43,Micheal Thomas,3
38,Leslie Jones,6
96,David Nelson,3
22,Sherry Patrick,3
37,William Hernandez,8
74,George Arroyo,8
38,Leslie Jones,7
101,Margaret Ray,6
73,Shawn Lee,7
21,Brittany Wright,9
40,Marcus Berry,2
41,Victoria Mann,9
79,Helen Zamora,6
88,Stacy Ibarra,2
74,George Arroyo,2
68,Sara Williams,0
57,Dr. Julie Bruce,8
12,Brian Washington,5
65,David Nichols,8
38,Leslie Jones,0
54,Juan Lopez,7
28,Theresa Neal,3
66,James Morris,6
92,Kevin Everett,1
54,Juan Lopez,5
92,Kevin Everett,1
19,Greg Peterson,7
41,Victoria Mann,6
63,Holly Santiago,4
34,Jason Wilson,0
16,Michael Neal,1
43,Micheal Thomas,2
94,Michael Lee,4
39,Sara Crawford,0
10,Dylan Smith Jr.,4
23,Joseph Nelson,6
54,Juan Lopez,0
20,Christina Diaz,2
71,Joseph Baxter,9
77,Darryl Wood,2
40,Marcus Berry,7
42,Amy Matthews,5
7,John Daugherty,8
62,Veronica Green,6
96,David Nelson,2
54,Juan Lopez,6
97,Sharon Brooks,7
29,Billy Tate,5
100,Daniel Harris,3
25,Mario Crawford,8
40,Marcus Berry,3
12,Brian Washington,8
50,Jeremy Williams,4
69,Angela Fuller,1
41,Victoria Mann,4
58,Jeffrey Cox,7
68,Sara Williams,5
10,Dylan Smith Jr.,8
89,Randy Gentry,7
7,John Daugherty,6
51,Derek Owens,2
48,Tracy Graham,9
55,Daniel Mccarty,4
31,Shane Harris,5
95,Andrew Bell,5
76,Eric Ryan,0
83,Donna Davis,4
59,John Fox,6
56,Whitney Morrison,5
78,Ashley Castro,2
95,Andrew Bell,0
104,Rachel Jenkins,3
29,Billy Tate,2
88,Stacy Ibarra,1
36,Christopher Villa,1
74,George Arroyo,6
87,Andrew Newman,2
103,Peter Ball,5
92,Kevin Everett,6
63,Holly Santiago,3
79,Helen Zamora,8
60,Olivia Scott,6
36,Christopher Villa,7
14,Robert Carrillo,3
82,Kyle Aguilar,2
37,William Hernandez,4
9,Jennifer Sims,3
49,Rebecca Wallace,5
34,Jason Wilson,7
94,Michael Lee,3
23,Joseph Nelson,6
33,Christopher Moore,9
51,Derek Owens,8
24,Sara Klein,7
56,Whitney Morrison,9
72,Cindy Walters,9
59,John Fox,5
59,John Fox,9
33,Christopher Moore,2
103,Peter Ball,2
31,Shane Harris,2
73,Shawn Lee,6
97,Sharon Brooks,9
56,Whitney Morrison,5
71,Joseph Baxter,0
91,Rebecca Buchanan,5
104,Rachel Jenkins,5
64,Brenda Moore,1
39,Sara Crawford,4
62,Veronica Green,6
84,Craig Martin,5
24,Sara Klein,3
27,Brianna Casey,8
50,Jeremy Williams,5
59,John Fox,4
76,Eric Ryan,9
58,Jeffrey Cox,1
78,Ashley Castro,4
81,James Hodge,4
12,Brian Washington,4
19,Greg Peterson,3
75,Lisa Campos,6
46,Laura Watts,4
13,Taylor Ortega,7
35,Kelly Mendez,7
17,Janet Carson,1
9,Jennifer Sims,3
52,Colleen Nguyen,3
102,Christopher Mcdonald,4
21,Brittany Wright,1
24,Sara Klein,1
11,Allison Roy,8
13,Taylor Ortega,7
46,Laura Watts,4
35,Kelly Mendez,2
67,Thomas Carroll,5
60,Olivia Scott,1
98,Brian Velazquez,9
53,Andrew Neal,1
31,Shane Harris,3
54,Juan Lopez,2
77,Darryl Wood,3
75,Lisa Campos,1
98,Brian Velazquez,4
52,Colleen Nguyen,6
9,Jennifer Sims,3
88,Stacy Ibarra,3
27,Brianna Casey,8
78,Ashley Castro,5
11,Allison Roy,3
32,William Mitchell,2
51,Derek Owens,5
91,Rebecca Buchanan,8
11,Allison Roy,6
85,Bradley Barr,8
50,Jeremy Williams,1
102,Christopher Mcdonald,7
38,Leslie Jones,9
105,Nina Norris,5
59,John Fox,4
79,Helen Zamora,1
8,Audrey Bean,0
81,James Hodge,3
35,Kelly Mendez,9
35,Kelly Mendez,8
91,Rebecca Buchanan,4
12,Brian Washington,5
89,Randy Gentry,9
56,Whitney Morrison,1
88,Stacy Ibarra,0
45,Lynn Bradley,7
29,Billy Tate,8
96,David Nelson,9
49,Rebecca Wallace,9
58,Jeffrey Cox,3
6,Joseph Hernandez,4
20,Christina Diaz,5
78,Ashley Castro,7
98,Brian Velazquez,5
41,Victoria Mann,3
20,Christina Diaz,2
95,Andrew Bell,1
14,Robert Carrillo,6
71,Joseph Baxter,9
29,Billy Tate,5
93,Derek Wilkins,9
26,Kyle Williams PhD,2
16,Michael Neal,0
51,Derek Owens,8
50,Jeremy Williams,6
36,Christopher Villa,1
69,Angela Fuller,4
94,Michael Lee,3
37,William Hernandez,0
75,Lisa Campos,1
57,Dr. Julie Bruce,0
45,Lynn Bradley,7
43,Micheal Thomas,9
17,Janet Carson,9
46,Laura Watts,3
18,Shannon White,8
45,Lynn Bradley,4
31,Shane Harris,1
36,Christopher Villa,3
82,Kyle Aguilar,3
62,Veronica Green,9
61,Paul Hoover,8
63,Holly Santiago,2
38,Leslie Jones,2
26,Kyle Williams PhD,6
78,Ashley Castro,1
103,Peter Ball,8
15,Stephanie Hayes,5
91,Rebecca Buchanan,7
97,Sharon Brooks,7
12,Brian Washington,9
101,Margaret Ray,1
27,Brianna Casey,5
17,Janet Carson,9
46,Laura Watts,5
8,Audrey Bean,0
95,Andrew Bell,4
43,Micheal Thomas,3
55,Daniel Mccarty,3
79,Helen Zamora,6
27,Brianna Casey,7
75,Lisa Campos,2
71,Joseph Baxter,1
84,Craig Martin,3
28,Theresa Neal,5
17,Janet Carson,0
62,Veronica Green,2
75,Lisa Campos,4
102,Christopher Mcdonald,4
36,Christopher Villa,1
96,David Nelson,0
73,Shawn Lee,2
28,Theresa Neal,4
83,Donna Davis,7
20,Christina Diaz,6
87,Andrew Newman,8
46,Laura Watts,3
88,Stacy Ibarra,4
26,Kyle Williams PhD,9
62,Veronica Green,1
84,Craig Martin,6
12,Brian Washington,2
64,Brenda Moore,2
39,Sara Crawford,1
14,Robert Carrillo,1
57,Dr. Julie Bruce,5
19,Greg Peterson,7
57,Dr. Julie Bruce,6
35,Kelly Mendez,0
83,Donna Davis,6
38,Leslie Jones,4
62,Veronica Green,9
14,Robert Carrillo,7
18,Shannon White,0
33,Christopher Moore,3
71,Joseph Baxter,6
93,Derek Wilkins,2
30,William Salazar,6
61,Paul Hoover,7
67,Thomas Carroll,1
98,Brian Velazquez,5
88,Stacy Ibarra,8
25,Mario Crawford,1
44,Beth Guzman,7
103,Peter Ball,8
54,Juan Lopez,1
92,Kevin Everett,9
105,Nina Norris,2
29,Billy Tate,3
98,Brian Velazquez,2
80,Beth Fisher,6
105,Nina Norris,3
35,Kelly Mendez,8
48,Tracy Graham,1
50,Jeremy Williams,7
100,Daniel Harris,1
87,Andrew Newman,4
76,Eric Ryan,6
104,Rachel Jenkins,5
11,Allison Roy,3
21,Brittany Wright,9
9,Jennifer Sims,3
89,Randy Gentry,6
14,Robert Carrillo,3
6,Joseph Hernandez,5
15,Stephanie Hayes,1
89,Randy Gentry,7
68,Sara Williams,8
86,Megan King,0
53,Andrew Neal,6
93,Derek Wilkins,8
51,Derek Owens,1
93,Derek Wilkins,9
55,Daniel Mccarty,8
42,Amy Matthews,0
45,Lynn Bradley,9
56,Whitney Morrison,8
87,Andrew Newman,6
14,Robert Carrillo,4
96,David Nelson,0
93,Derek Wilkins,5
62,Veronica Green,4
80,Beth Fisher,7
67,Thomas Carroll,2
8,Audrey Bean,9
87,Andrew Newman,4
77,Darryl Wood,0
99,Jennifer Hill,7
67,Thomas Carroll,1
80,Beth Fisher,5
16,Michael Neal,5
8,Audrey Bean,1
48,Tracy Graham,0
35,Kelly Mendez,2
14,Robert Carrillo,0
55,Daniel Mccarty,6
91,Rebecca Buchanan,5
40,Marcus Berry,5
76,Eric Ryan,2
49,Rebecca Wallace,6
83,Donna Davis,2
76,Eric Ryan,1
46,Laura Watts,4
89,Randy Gentry,6
19,Greg Peterson,9
58,Jeffrey Cox,0
93,Derek Wilkins,7
36,Christopher Villa,0
84,Craig Martin,0
88,Stacy Ibarra,7
105,Nina Norris,8
12,Brian Washington,2
7,John Daugherty,3
34,Jason Wilson,6
33,Christopher Moore,8
58,Jeffrey Cox,0
76,Eric Ryan,6
41,Victoria Mann,1
57,Dr. Julie Bruce,0
61,Paul Hoover,1
33,Christopher Moore,1
102,Christopher Mcdonald,4
74,George Arroyo,0
71,Joseph Baxter,0
71,Joseph Baxter,0
34,Jason Wilson,0
55,Daniel Mccarty,6
25,Mario Crawford,2
48,Tracy Graham,0
33,Christopher Moore,9
95,Andrew Bell,3
11,Allison Roy,8
28,Theresa Neal,4
12,Brian Washington,6
85,Bradley Barr,0
61,Paul Hoover,5
105,Nina Norris,2
21,Brittany Wright,1
83,Donna Davis,5
68,Sara Williams,2
104,Rachel Jenkins,9
25,Mario Crawford,9
40,Marcus Berry,9
14,Robert Carrillo,3
72,Cindy Walters,6
77,Darryl Wood,6
80,Beth Fisher,3
70,Angela Hunt,8
86,Megan King,8
14,Robert Carrillo,2
71,Joseph Baxter,0
8,Audrey Bean,1
87,Andrew Newman,6
90,Adam White,8
12,Brian Washington,5
51,Derek Owens,2
91,Rebecca Buchanan,8
81,James Hodge,1
95,Andrew Bell,4
12,Brian Washington,0
54,Juan Lopez,5
47,Tammy Garcia,4
23,Joseph Nelson,7
7,John Daugherty,2
40,Marcus Berry,0
18,Shannon White,0
58,Jeffrey Cox,3
85,Bradley Barr,2
88,Stacy Ibarra,4
13,Taylor Ortega,4
89,Randy Gentry,4
90,Adam White,0
69,Angela Fuller,2
78,Ashley Castro,8
105,Nina Norris,6
75,Lisa Campos,7
100,Daniel Harris,8
55,Daniel Mccarty,4
25,Mario Crawford,6
102,Christopher Mcdonald,5
34,Jason Wilson,2
86,Megan King,2
49,Rebecca Wallace,7
17,Janet Carson,2
74,George Arroyo,8
93,Derek Wilkins,0
102,Christopher Mcdonald,2
14,Robert Carrillo,3
8,Audrey Bean,2
14,Robert Carrillo,4
22,Sherry Patrick,7
31,Shane Harris,5
56,Whitney Morrison,3
10,Dylan Smith Jr.,7
31,Shane Harris,9
77,Darryl Wood,7
26,Kyle Williams PhD,4
57,Dr. Julie Bruce,0
84,Craig Martin,0
52,Colleen Nguyen,3
40,Marcus Berry,0
104,Rachel Jenkins,4
40,Marcus Berry,4
40,Marcus Berry,9
71,Joseph Baxter,5
48,Tracy Graham,4
30,William Salazar,7
7,John Daugherty,2
32,William Mitchell,2
6,Joseph Hernandez,4
98,Brian Velazquez,3
86,Megan King,3
79,Helen Zamora,3
26,Kyle Williams PhD,3
85,Bradley Barr,8
9,Jennifer Sims,2
17,Janet Carson,9
11,Allison Roy,2
69,Angela Fuller,4
72,Cindy Walters,1
42,Amy Matthews,9
46,Laura Watts,9
91,Rebecca Buchanan,6
89,Randy Gentry,3
56,Whitney Morrison,4
42,Amy Matthews,7
12,Brian Washington,9
91,Rebecca Buchanan,4
56,Whitney Morrison,2
14,Robert Carrillo,6
80,Beth Fisher,8
11,Allison Roy,3
13,Taylor Ortega,4
100,Daniel Harris,3
33,Christopher Moore,9
85,Bradley Barr,7
24,Sara Klein,7
102,Christopher Mcdonald,4
60,Olivia Scott,5
31,Shane Harris,3
25,Mario Crawford,2
79,Helen Zamora,3
104,Rachel Jenkins,7
13,Taylor Ortega,4
53,Andrew Neal,9
87,Andrew Newman,1
91,Rebecca Buchanan,2
51,Derek Owens,9
14,Robert Carrillo,5
47,Tammy Garcia,6
71,Joseph Baxter,5
49,Rebecca Wallace,3
103,Peter Ball,6
19,Greg Peterson,6
67,Thomas Carroll,0
18,Shannon White,7
34,Jason Wilson,3
93,Derek Wilkins,5
28,Theresa Neal,3
63,Holly Santiago,2
101,Margaret Ray,3
89,Randy Gentry,2
24,Sara Klein,1
58,Jeffrey Cox,0
87,Andrew Newman,3
72,Cindy Walters,7
34,Jason Wilson,9
92,Kevin Everett,5
75,Lisa Campos,8
41,Victoria Mann,0
58,Jeffrey Cox,9
51,Derek Owens,0
75,Lisa Campos,2
47,Tammy Garcia,8
20,Christina Diaz,2
8,Audrey Bean,7
29,Billy Tate,9
80,Beth Fisher,6
89,Randy Gentry,1
10,Dylan Smith Jr.,5
105,Nina Norris,0
47,Tammy Garcia,5
102,Christopher Mcdonald,6
17,Janet Carson,2
41,Victoria Mann,7
15,Stephanie Hayes,3
16,Michael Neal,3
67,Thomas Carroll,0
18,Shannon White,5
50,Jeremy Williams,4
62,Veronica Green,9
33,Christopher Moore,1
78,Ashley Castro,6
35,Kelly Mendez,6
22,Sherry Patrick,3
93,Derek Wilkins,6
51,Derek Owens,1
28,Theresa Neal,6
104,Rachel Jenkins,8
98,Brian Velazquez,1
23,Joseph Nelson,0
88,Stacy Ibarra,8
63,Holly Santiago,4
81,James Hodge,0
68,Sara Williams,9
15,Stephanie Hayes,5
19,Greg Peterson,4
6,Joseph Hernandez,7
105,Nina Norris,5
19,Greg Peterson,3
17,Janet Carson,6
100,Daniel Harris,3
64,Brenda Moore,6
90,Adam White,7
101,Margaret Ray,4
74,George Arroyo,9
49,Rebecca Wallace,6
94,Michael Lee,9
54,Juan Lopez,8
63,Holly Santiago,7
59,John Fox,4
65,David Nichols,0
85,Bradley Barr,0
7,John Daugherty,9
74,George Arroyo,1
92,Kevin Everett,5
81,James Hodge,2
89,Randy Gentry,5
28,Theresa Neal,4
31,Shane Harris,7
62,Veronica Green,6
67,Thomas Carroll,9
56,Whitney Morrison,3
24,Sara Klein,7
7,John Daugherty,9
45,Lynn Bradley,8
30,William Salazar,4
80,Beth Fisher,6
27,Brianna Casey,1
50,Jeremy Williams,7
59,John Fox,5
20,Christina Diaz,0
64,Brenda Moore,0
80,Beth Fisher,2
57,Dr. Julie Bruce,9
9,Jennifer Sims,3
20,Christina Diaz,5
76,Eric Ryan,0
54,Juan Lopez,5
96,David Nelson,1
68,Sara Williams,4
62,Veronica Green,9
78,Ashley Castro,3
16,Michael Neal,6
49,Rebecca Wallace,1
51,Derek Owens,9
29,Billy Tate,2
78,Ashley Castro,6
84,Craig Martin,6
8,Audrey Bean,6
87,Andrew Newman,4
87,Andrew Newman,2
36,Christopher Villa,8
76,Eric Ryan,4
92,Kevin Everett,0
43,Micheal Thomas,7
53,Andrew Neal,4
23,Joseph Nelson,1
16,Michael Neal,8
66,James Morris,3
70,Angela Hunt,5
84,Craig Martin,7
34,Jason Wilson,9
67,Thomas Carroll,4
83,Donna Davis,3
75,Lisa Campos,4
33,Christopher Moore,3
91,Rebecca Buchanan,3
69,Angela Fuller,6
79,Helen Zamora,8
6,Joseph Hernandez,4
78,Ashley Castro,4
45,Lynn Bradley,2
62,Veronica Green,8
22,Sherry Patrick,3
102,Christopher Mcdonald,2
29,Billy Tate,8
62,Veronica Green,8
27,Brianna Casey,9
19,Greg Peterson,2
82,Kyle Aguilar,0
10,Dylan Smith Jr.,8
95,Andrew Bell,1
77,Darryl Wood,1
95,Andrew Bell,6
76,Eric Ryan,6
33,Christopher Moore,8
40,Marcus Berry,5
69,Angela Fuller,2
76,Eric Ryan,3
69,Angela Fuller,0
13,Taylor Ortega,5
51,Derek Owens,7
46,Laura Watts,3
45,Lynn Bradley,7
16,Michael Neal,0
7,John Daugherty,9
73,Shawn Lee,2
49,Rebecca Wallace,4
73,Shawn Lee,4
44,Beth Guzman,5
90,Adam White,6
75,Lisa Campos,0
32,William Mitchell,9
37,William Hernandez,9
99,Jennifer Hill,0
80,Beth Fisher,0
91,Rebecca Buchanan,4
24,Sara Klein,5
21,Brittany Wright,1
81,James Hodge,0
86,Megan King,0
36,Christopher Villa,7
70,Angela Hunt,7
26,Kyle Williams PhD,6
25,Mario Crawford,0
18,Shannon White,7
9,Jennifer Sims,9
31,Shane Harris,0
53,Andrew Neal,0
82,Kyle Aguilar,9
60,Olivia Scott,0
67,Thomas Carroll,4
58,Jeffrey Cox,9
61,Paul Hoover,0
93,Derek Wilkins,0
32,William Mitchell,7
77,Darryl Wood,3
48,Tracy Graham,8
42,Amy Matthews,7
54,Juan Lopez,9
100,Daniel Harris,8
26,Kyle Williams PhD,8
28,Theresa Neal,5
36,Christopher Villa,5
101,Margaret Ray,7
49,Rebecca Wallace,1
22,Sherry Patrick,7
79,Helen Zamora,1
18,Shannon White,1
41,Victoria Mann,9
36,Christopher Villa,6
47,Tammy Garcia,4
54,Juan Lopez,0
91,Rebecca Buchanan,8
60,Olivia Scott,5
53,Andrew Neal,4
63,Holly Santiago,0
42,Amy Matthews,0
51,Derek Owens,8
31,Shane Harris,5
77,Darryl Wood,2
29,Billy Tate,9
27,Brianna Casey,4
59,John Fox,3
39,Sara Crawford,2
50,Jeremy Williams,9
25,Mario Crawford,8
56,Whitney Morrison,2
100,Daniel Harris,5
43,Micheal Thomas,2
35,Kelly Mendez,4
93,Derek Wilkins,6
103,Peter Ball,5
16,Michael Neal,4
49,Rebecca Wallace,3
102,Christopher Mcdonald,3
25,Mario Crawford,5
37,William Hernandez,7
48,Tracy Graham,7
22,Sherry Patrick,8
35,Kelly Mendez,6
75,Lisa Campos,4
49,Rebecca Wallace,0
96,David Nelson,7
65,David Nichols,9
97,Sharon Brooks,1
53,Andrew Neal,6
27,Brianna Casey,4
91,Rebecca Buchanan,2
66,James Morris,6
32,William Mitchell,5
14,Robert Carrillo,8
26,Kyle Williams PhD,5
62,Veronica Green,6
84,Craig Martin,0
7,John Daugherty,3
14,Robert Carrillo,4
98,Brian Velazquez,5
20,Christina Diaz,9
57,Dr. Julie Bruce,3
6,Joseph Hernandez,8
29,Billy Tate,3
33,Christopher Moore,0
100,Daniel Harris,7
38,Leslie Jones,5
42,Amy Matthews,2
44,Beth Guzman,9
83,Donna Davis,1
59,John Fox,9
34,Jason Wilson,9
30,William Salazar,6
65,David Nichols,4
29,Billy Tate,7
22,Sherry Patrick,1
13,Taylor Ortega,4
92,Kevin Everett,9
65,David Nichols,3
90,Adam White,7
60,Olivia Scott,8
87,Andrew Newman,4
29,Billy Tate,1
91,Rebecca Buchanan,7
40,Marcus Berry,2
50,Jeremy Williams,1
93,Derek Wilkins,0
61,Paul Hoover,8
38,Leslie Jones,8
13,Taylor Ortega,1
90,Adam White,7
51,Derek Owens,1
61,Paul Hoover,4
85,Bradley Barr,7
50,Jeremy Williams,2
29,Billy Tate,0
67,Thomas Carroll,0
11,Allison Roy,8
96,David Nelson,5
16,Michael Neal,5
36,Christopher Villa,9
28,Theresa Neal,3
78,Ashley Castro,1
93,Derek Wilkins,4
69,Angela Fuller,3
47,Tammy Garcia,2
50,Jeremy Williams,8
105,Nina Norris,6
32,William Mitchell,7
76,Eric Ryan,7
41,Victoria Mann,7
89,Randy Gentry,0
22,Sherry Patrick,0
39,Sara Crawford,2
81,James Hodge,5
14,Robert Carrillo,4
92,Kevin Everett,6
60,Olivia Scott,4
55,Daniel Mccarty,3
87,Andrew Newman,8
75,Lisa Campos,1
50,Jeremy Williams,8
16,Michael Neal,8
71,Joseph Baxter,2
101,Margaret Ray,0
26,Kyle Williams PhD,3
18,Shannon White,0
100,Daniel Harris,7
75,Lisa Campos,3
45,Lynn Bradley,4
67,Thomas Carroll,3
72,Cindy Walters,7
61,Paul Hoover,0
46,Laura Watts,5
86,Megan King,1
57,Dr. Julie Bruce,2
21,Brittany Wright,6
34,Jason Wilson,2
31,Shane Harris,1
99,Jennifer Hill,3
8,Audrey Bean,7
23,Joseph Nelson,5
22,Sherry Patrick,8
65,David Nichols,9
27,Brianna Casey,2
37,William Hernandez,8
90,Adam White,6
10,Dylan Smith Jr.,1
77,Darryl Wood,5
39,Sara Crawford,1
36,Christopher Villa,1
26,Kyle Williams PhD,9
85,Bradley Barr,0
23,Joseph Nelson,2
35,Kelly Mendez,2
32,William Mitchell,5
29,Billy Tate,5
51,Derek Owens,6
68,Sara Williams,8
79,Helen Zamora,3
101,Margaret Ray,8
33,Christopher Moore,0
14,Robert Carrillo,9
59,John Fox,8
40,Marcus Berry,8
11,Allison Roy,2
71,Joseph Baxter,2
23,Joseph Nelson,1
34,Jason Wilson,0
49,Rebecca Wallace,1
55,Daniel Mccarty,6
64,Brenda Moore,8
88,Stacy Ibarra,9
75,Lisa Campos,0
49,Rebecca Wallace,3
92,Kevin Everett,7
44,Beth Guzman,0
69,Angela Fuller,0
71,Joseph Baxter,1
86,Megan King,0
52,Colleen Nguyen,1
82,Kyle Aguilar,2
101,Margaret Ray,3
69,Angela Fuller,8
61,Paul Hoover,7
87,Andrew Newman,0
89,Randy Gentry,1
34,Jason Wilson,9
73,Shawn Lee,8
31,Shane Harris,7
101,Margaret Ray,7
68,Sara Williams,1
53,Andrew Neal,5
77,Darryl Wood,3
81,James Hodge,3
33,Christopher Moore,4
52,Colleen Nguyen,4
53,Andrew Neal,6
52,Colleen Nguyen,5
81,James Hodge,1
18,Shannon White,7
85,Bradley Barr,6
23,Joseph Nelson,1
24,Sara Klein,0
45,Lynn Bradley,1
31,Shane Harris,1
27,Brianna Casey,2
27,Brianna Casey,3
11,Allison Roy,6
101,Margaret Ray,8
16,Michael Neal,7
10,Dylan Smith Jr.,0
27,Brianna Casey,0
56,Whitney Morrison,7
44,Beth Guzman,1
81,James Hodge,1
57,Dr. Julie Bruce,9
10,Dylan Smith Jr.,3
30,William Salazar,6
50,Jeremy Williams,4
19,Greg Peterson,4
74,George Arroyo,4
52,Colleen Nguyen,1
19,Greg Peterson,3
33,Christopher Moore,3
69,Angela Fuller,9
103,Peter Ball,8
6,Joseph Hernandez,0
8,Audrey Bean,3
103,Peter Ball,0
86,Megan King,8
95,Andrew Bell,2
68,Sara Williams,0
80,Beth Fisher,7
37,William Hernandez,8
97,Sharon Brooks,5
32,William Mitchell,6
68,Sara Williams,2
98,Brian Velazquez,3
80,Beth Fisher,1
50,Jeremy Williams,8
51,Derek Owens,0
33,Christopher Moore,5
20,Christina Diaz,8
92,Kevin Everett,8
93,Derek Wilkins,1
58,Jeffrey Cox,3
90,Adam White,2
52,Colleen Nguyen,0
54,Juan Lopez,6
48,Tracy Graham,3
43,Micheal Thomas,7
71,Joseph Baxter,9
37,William Hernandez,0
105,Nina Norris,7
56,Whitney Morrison,2
14,Robert Carrillo,6
25,Mario Crawford,6
15,Stephanie Hayes,1
66,James Morris,0
50,Jeremy Williams,1
48,Tracy Graham,4
11,Allison Roy,5
16,Michael Neal,2
59,John Fox,4
77,Darryl Wood,2
28,Theresa Neal,3
26,Kyle Williams PhD,1
83,Donna Davis,0
86,Megan King,9
32,William Mitchell,5
79,Helen Zamora,8
62,Veronica Green,5
61,Paul Hoover,6
9,Jennifer Sims,1
78,Ashley Castro,7
82,Kyle Aguilar,0
14,Robert Carrillo,3
49,Rebecca Wallace,0
65,David Nichols,3
46,Laura Watts,3
38,Leslie Jones,6
26,Kyle Williams PhD,7
27,Brianna Casey,8
25,Mario Crawford,5
27,Brianna Casey,0
79,Helen Zamora,2
49,Rebecca Wallace,0
39,Sara Crawford,3
39,Sara Crawford,2
83,Donna Davis,7
93,Derek Wilkins,5
17,Janet Carson,3
23,Joseph Nelson,5
65,David Nichols,8
55,Daniel Mccarty,4
87,Andrew Newman,5
13,Taylor Ortega,7
42,Amy Matthews,7
96,David Nelson,9
52,Colleen Nguyen,0
62,Veronica Green,0
74,George Arroyo,3
10,Dylan Smith Jr.,0
40,Marcus Berry,6
6,Joseph Hernandez,7
45,Lynn Bradley,6
12,Brian Washington,3
68,Sara Williams,1
79,Helen Zamora,4
58,Jeffrey Cox,7
83,Donna Davis,0
101,Margaret Ray,8
43,Micheal Thomas,0
43,Micheal Thomas,1
91,Rebecca Buchanan,3
30,William Salazar,8
102,Christopher Mcdonald,5
86,Megan King,1
64,Brenda Moore,5
65,David Nichols,2
21,Brittany Wright,7
30,William Salazar,0
95,Andrew Bell,8
7,John Daugherty,7
23,Joseph Nelson,1
43,Micheal Thomas,0
65,David Nichols,8
6,Joseph Hernandez,8
6,Joseph Hernandez,2
76,Eric Ryan,0
99,Jennifer Hill,2
50,Jeremy Williams,3
54,Juan Lopez,8
58,Jeffrey Cox,2
67,Thomas Carroll,0
15,Stephanie Hayes,3
100,Daniel Harris,7
79,Helen Zamora,3
60,Olivia Scott,7
35,Kelly Mendez,5
100,Daniel Harris,0
6,Joseph Hernandez,0
28,Theresa Neal,4
84,Craig Martin,5
92,Kevin Everett,7
89,Randy Gentry,4
65,David Nichols,2
24,Sara Klein,5
17,Janet Carson,6
45,Lynn Bradley,9
67,Thomas Carroll,1
23,Joseph Nelson,1
95,Andrew Bell,2
68,Sara Williams,6
39,Sara Crawford,4
92,Kevin Everett,0
72,Cindy Walters,1
60,Olivia Scott,1
23,Joseph Nelson,8
16,Michael Neal,7
102,Christopher Mcdonald,5
12,Brian Washington,2
59,John Fox,5
18,Shannon White,2
28,Theresa Neal,5
105,Nina Norris,6
70,Angela Hunt,8
13,Taylor Ortega,2
73,Shawn Lee,1
83,Donna Davis,1
78,Ashley Castro,5
60,Olivia Scott,0
42,Amy Matthews,8
59,John Fox,7
62,Veronica Green,9
63,Holly Santiago,2
9,Jennifer Sims,0
75,Lisa Campos,8
57,Dr. Julie Bruce,1
42,Amy Matthews,8
101,Margaret Ray,8
26,Kyle Williams PhD,6
26,Kyle Williams PhD,2
53,Andrew Neal,9
17,Janet Carson,4
71,Joseph Baxter,6
88,Stacy Ibarra,2
75,Lisa Campos,5
61,Paul Hoover,9
19,Greg Peterson,6
62,Veronica Green,8
69,Angela Fuller,3
30,William Salazar,5
34,Jason Wilson,9
43,Micheal Thomas,8
21,Brittany Wright,4
11,Allison Roy,9
86,Megan King,6
37,William Hernandez,9
41,Victoria Mann,0
26,Kyle Williams PhD,1
33,Christopher Moore,6
38,Leslie Jones,4
20,Christina Diaz,8
102,Christopher Mcdonald,2
58,Jeffrey Cox,3
67,Thomas Carroll,8
49,Rebecca Wallace,3
87,Andrew Newman,3
50,Jeremy Williams,8
48,Tracy Graham,5
64,Brenda Moore,9
98,Brian Velazquez,0
44,Beth Guzman,2
40,Marcus Berry,1
30,William Salazar,2
21,Brittany Wright,9
23,Joseph Nelson,7
49,Rebecca Wallace,1
7,John Daugherty,3
33,Christopher Moore,7
68,Sara Williams,2
103,Peter Ball,7
35,Kelly Mendez,9
79,Helen Zamora,1
92,Kevin Everett,4
27,Brianna Casey,5
34,Jason Wilson,1
8,Audrey Bean,3
98,Brian Velazquez,6
18,Shannon White,5
90,Adam White,6
63,Holly Santiago,3
31,Shane Harris,7
6,Joseph Hernandez,0
21,Brittany Wright,8
42,Amy Matthews,7
11,Allison Roy,0
10,Dylan Smith Jr.,8
40,Marcus Berry,7
66,James Morris,3
76,Eric Ryan,0
28,Theresa Neal,4
53,Andrew Neal,4
53,Andrew Neal,5
37,William Hernandez,1
58,Jeffrey Cox,5
73,Shawn Lee,4
103,Peter Ball,4
78,Ashley Castro,3
44,Beth Guzman,5
31,Shane Harris,5
80,Beth Fisher,4
97,Sharon Brooks,6
105,Nina Norris,8
26,Kyle Williams PhD,6
25,Mario Crawford,0
71,Joseph Baxter,8
30,William Salazar,3
25,Mario Crawford,2
35,Kelly Mendez,2
29,Billy Tate,3
86,Megan King,1
90,Adam White,4
70,Angela Hunt,2
41,Victoria Mann,5
51,Derek Owens,4
49,Rebecca Wallace,2
7,John Daugherty,0
62,Veronica Green,1
103,Peter Ball,7
65,David Nichols,6
10,Dylan Smith Jr.,7
79,Helen Zamora,0
49,Rebecca Wallace,0
91,Rebecca Buchanan,4
77,Darryl Wood,1
20,Christina Diaz,3
10,Dylan Smith Jr.,7
100,Daniel Harris,7
51,Derek Owens,3
93,Derek Wilkins,1
78,Ashley Castro,3
50,Jeremy Williams,0
89,Randy Gentry,7
11,Allison Roy,0
59,John Fox,7
30,William Salazar,1
81,James Hodge,0
104,Rachel Jenkins,2
57,Dr. Julie Bruce,4
59,John Fox,4
9,Jennifer Sims,6
64,Brenda Moore,7
89,Randy Gentry,4
53,Andrew Neal,2
96,David Nelson,5
37,William Hernandez,7
17,Janet Carson,7
77,Darryl Wood,9
90,Adam White,0
88,Stacy Ibarra,9
65,David Nichols,9
79,Helen Zamora,4
77,Darryl Wood,9
83,Donna Davis,3
69,Angela Fuller,2
76,Eric Ryan,5
52,Colleen Nguyen,3
69,Angela Fuller,9
18,Shannon White,1
7,John Daugherty,4
49,Rebecca Wallace,7
68,Sara Williams,2
97,Sharon Brooks,0
8,Audrey Bean,5
59,John Fox,0
62,Veronica Green,1
13,Taylor Ortega,2
46,Laura Watts,9
42,Amy Matthews,0
42,Amy Matthews,6
37,William Hernandez,5
24,Sara Klein,9
63,Holly Santiago,8
37,William Hernandez,9
85,Bradley Barr,2
87,Andrew Newman,3
76,Eric Ryan,0
46,Laura Watts,0
74,George Arroyo,2
13,Taylor Ortega,2
75,Lisa Campos,0
34,Jason Wilson,4
103,Peter Ball,8
38,Leslie Jones,2
67,Thomas Carroll,9
42,Amy Matthews,5
6,Joseph Hernandez,0
59,John Fox,8
10,Dylan Smith Jr.,2
91,Rebecca Buchanan,6
44,Beth Guzman,1
70,Angela Hunt,9
20,Christina Diaz,5
67,Thomas Carroll,5
37,William Hernandez,7
13,Taylor Ortega,6
77,Darryl Wood,2
70,Angela Hunt,5
51,Derek Owens,9
75,Lisa Campos,7
32,William Mitchell,8
93,Derek Wilkins,7
51,Derek Owens,7
63,Holly Santiago,1
37,William Hernandez,9
98,Brian Velazquez,2
10,Dylan Smith Jr.,1
77,Darryl Wood,1
89,Randy Gentry,5
46,Laura Watts,0
9,Jennifer Sims,1
34,Jason Wilson,9
62,Veronica Green,8
36,Christopher Villa,1
15,Stephanie Hayes,7
22,Sherry Patrick,4
72,Cindy Walters,9
27,Brianna Casey,1
25,Mario Crawford,2
42,Amy Matthews,3
76,Eric Ryan,2
68,Sara Williams,7
7,John Daugherty,5
80,Beth Fisher,3
53,Andrew Neal,2
67,Thomas Carroll,2
53,Andrew Neal,8
29,Billy Tate,4
50,Jeremy Williams,8
26,Kyle Williams PhD,3
78,Ashley Castro,2
94,Michael Lee,5
55,Daniel Mccarty,3
91,Rebecca Buchanan,7
68,Sara Williams,1
53,Andrew Neal,0
56,Whitney Morrison,0
41,Victoria Mann,9
67,Thomas Carroll,2
21,Brittany Wright,1
39,Sara Crawford,9
22,Sherry Patrick,8
67,Thomas Carroll,9
89,Randy Gentry,1
29,Billy Tate,6
88,Stacy Ibarra,8
98,Brian Velazquez,1
42,Amy Matthews,4
80,Beth Fisher,3
85,Bradley Barr,8
80,Beth Fisher,2
52,Colleen Nguyen,9
22,Sherry Patrick,4
91,Rebecca Buchanan,4
55,Daniel Mccarty,0
66,James Morris,6
39,Sara Crawford,8
36,Christopher Villa,2
7,John Daugherty,8
45,Lynn Bradley,6
63,Holly Santiago,5
15,Stephanie Hayes,3
27,Brianna Casey,7
98,Brian Velazquez,4
53,Andrew Neal,7
80,Beth Fisher,9
21,Brittany Wright,3
94,Michael Lee,6
32,William Mitchell,3
88,Stacy Ibarra,8
44,Beth Guzman,9
88,Stacy Ibarra,7
58,Jeffrey Cox,5
68,Sara Williams,1
95,Andrew Bell,2
7,John Daugherty,1
59,John Fox,8
13,Taylor Ortega,2
33,Christopher Moore,8
8,Audrey Bean,0
71,Joseph Baxter,4
56,Whitney Morrison,1
85,Bradley Barr,7
17,Janet Carson,6
14,Robert Carrillo,4
23,Joseph Nelson,0
77,Darryl Wood,3
33,Christopher Moore,9
60,Olivia Scott,1
95,Andrew Bell,5
85,Bradley Barr,2
33,Christopher Moore,3
95,Andrew Bell,7
60,Olivia Scott,1
105,Nina Norris,1
49,Rebecca Wallace,3
80,Beth Fisher,2
58,Jeffrey Cox,5
94,Michael Lee,3
75,Lisa Campos,7
98,Brian Velazquez,6
78,Ashley Castro,0
84,Craig Martin,2
26,Kyle Williams PhD,7
54,Juan Lopez,6
9,Jennifer Sims,8
7,John Daugherty,5
9,Jennifer Sims,5
6,Joseph Hernandez,1
98,Brian Velazquez,0
45,Lynn Bradley,5
42,Amy Matthews,3
41,Victoria Mann,6
25,Mario Crawford,8
73,Shawn Lee,8
93,Derek Wilkins,8
86,Megan King,0
105,Nina Norris,8
53,Andrew Neal,3
75,Lisa Campos,1
73,Shawn Lee,0
32,William Mitchell,4
94,Michael Lee,5
9,Jennifer Sims,2
45,Lynn Bradley,9
39,Sara Crawford,1
99,Jennifer Hill,0
102,Christopher Mcdonald,4
60,Olivia Scott,8
88,Stacy Ibarra,6
26,Kyle Williams PhD,3
10,Dylan Smith Jr.,0
7,John Daugherty,4
90,Adam White,2
80,Beth Fisher,0
91,Rebecca Buchanan,7
82,Kyle Aguilar,8
75,Lisa Campos,6
45,Lynn Bradley,4
72,Cindy Walters,4
86,Megan King,8
13,Taylor Ortega,8
77,Darryl Wood,7
26,Kyle Williams PhD,9
91,Rebecca Buchanan,4
36,Christopher Villa,3
55,Daniel Mccarty,0
64,Brenda Moore,6
99,Jennifer Hill,8
72,Cindy Walters,8
52,Colleen Nguyen,8
22,Sherry Patrick,8
18,Shannon White,2
22,Sherry Patrick,5
65,David Nichols,4
60,Olivia Scott,6
62,Veronica Green,0
85,Bradley Barr,8
69,Angela Fuller,8
18,Shannon White,1
72,Cindy Walters,4
16,Michael Neal,4
15,Stephanie Hayes,1
85,Bradley Barr,3
36,Christopher Villa,7
101,Margaret Ray,4
94,Michael Lee,9
73,Shawn Lee,1
80,Beth Fisher,4
88,Stacy Ibarra,3
96,David Nelson,8
53,Andrew Neal,3
89,Randy Gentry,1
84,Craig Martin,0
59,John Fox,2
41,Victoria Mann,0
63,Holly Santiago,4
95,Andrew Bell,6
94,Michael Lee,8
30,William Salazar,8
74,George Arroyo,4
13,Taylor Ortega,2
25,Mario Crawford,4
40,Marcus Berry,0
54,Juan Lopez,0
57,Dr. Julie Bruce,4
13,Taylor Ortega,6
7,John Daugherty,6
49,Rebecca Wallace,1
11,Allison Roy,0
100,Daniel Harris,6
38,Leslie Jones,7
86,Megan King,1
10,Dylan Smith Jr.,1
34,Jason Wilson,0
102,Christopher Mcdonald,4
55,Daniel Mccarty,0
7,John Daugherty,2
24,Sara Klein,9
61,Paul Hoover,8
42,Amy Matthews,3
30,William Salazar,8
16,Michael Neal,6
66,James Morris,2
92,Kevin Everett,7
40,Marcus Berry,6
32,William Mitchell,5
76,Eric Ryan,4
32,William Mitchell,7
25,Mario Crawford,2
40,Marcus Berry,8
10,Dylan Smith Jr.,8
56,Whitney Morrison,3
95,Andrew Bell,1
45,Lynn Bradley,3
88,Stacy Ibarra,9
35,Kelly Mendez,6
44,Beth Guzman,7
66,James Morris,4
16,Michael Neal,0
25,Mario Crawford,7
72,Cindy Walters,9
31,Shane Harris,2
90,Adam White,2
13,Taylor Ortega,8
99,Jennifer Hill,9
14,Robert Carrillo,5
26,Kyle Williams PhD,9
32,William Mitchell,6
57,Dr. Julie Bruce,6
31,Shane Harris,0
93,Derek Wilkins,3
55,Daniel Mccarty,3
43,Micheal Thomas,2
65,David Nichols,9
64,Brenda Moore,7
98,Brian Velazquez,5
68,Sara Williams,1
38,Leslie Jones,9
53,Andrew Neal,9
33,Christopher Moore,3
64,Brenda Moore,8
12,Brian Washington,6
9,Jennifer Sims,7
76,Eric Ryan,3
63,Holly Santiago,0
77,Darryl Wood,4
79,Helen Zamora,8
32,William Mitchell,4
88,Stacy Ibarra,6
53,Andrew Neal,4
69,Angela Fuller,9
24,Sara Klein,3
100,Daniel Harris,6
28,Theresa Neal,0
7,John Daugherty,4
56,Whitney Morrison,2
8,Audrey Bean,6
82,Kyle Aguilar,4
47,Tammy Garcia,1
92,Kevin Everett,0
73,Shawn Lee,5
47,Tammy Garcia,0
89,Randy Gentry,8
78,Ashley Castro,5
30,William Salazar,7
23,Joseph Nelson,8
35,Kelly Mendez,3
96,David Nelson,9
51,Derek Owens,9
75,Lisa Campos,3
90,Adam White,9
28,Theresa Neal,6
80,Beth Fisher,4
36,Christopher Villa,0
43,Micheal Thomas,3
16,Michael Neal,5
104,Rachel Jenkins,0
78,Ashley Castro,9
44,Beth Guzman,1
92,Kevin Everett,9
32,William Mitchell,6
66,James Morris,0
17,Janet Carson,2
102,Christopher Mcdonald,2
6,Joseph Hernandez,3
21,Brittany Wright,8
97,Sharon Brooks,3
66,James Morris,5
89,Randy Gentry,0
20,Christina Diaz,2
16,Michael Neal,2
80,Beth Fisher,2
99,Jennifer Hill,4
64,Brenda Moore,6
76,Eric Ryan,1
15,Stephanie Hayes,4
27,Brianna Casey,8
64,Brenda Moore,6
46,Laura Watts,4
7,John Daugherty,4
6,Joseph Hernandez,7
25,Mario Crawford,6
31,Shane Harris,7
62,Veronica Green,1
92,Kevin Everett,0
60,Olivia Scott,6
78,Ashley Castro,5
95,Andrew Bell,8
61,Paul Hoover,7
81,James Hodge,6
58,Jeffrey Cox,1
59,John Fox,5
63,Holly Santiago,7
75,Lisa Campos,4
69,Angela Fuller,5
81,James Hodge,7
58,Jeffrey Cox,9
87,Andrew Newman,8
100,Daniel Harris,7
71,Joseph Baxter,4
14,Robert Carrillo,7
31,Shane Harris,4
99,Jennifer Hill,0
63,Holly Santiago,4
17,Janet Carson,9
82,Kyle Aguilar,7
103,Peter Ball,0
13,Taylor Ortega,6
79,Helen Zamora,8
44,Beth Guzman,6
94,Michael Lee,1
42,Amy Matthews,6
70,Angela Hunt,4
54,Juan Lopez,2
31,Shane Harris,8
14,Robert Carrillo,4
42,Amy Matthews,5
7,John Daugherty,0
55,Daniel Mccarty,5
46,Laura Watts,2
44,Beth Guzman,6
65,David Nichols,7
96,David Nelson,8
6,Joseph Hernandez,2
65,David Nichols,4
76,Eric Ryan,3
28,Theresa Neal,5
12,Brian Washington,2
65,David Nichols,1
98,Brian Velazquez,7
44,Beth Guzman,8
23,Joseph Nelson,4
76,Eric Ryan,3
18,Shannon White,1
50,Jeremy Williams,6
22,Sherry Patrick,0
91,Rebecca Buchanan,7
37,William Hernandez,4
12,Brian Washington,2
44,Beth Guzman,8
92,Kevin Everett,7
34,Jason Wilson,7
76,Eric Ryan,3
51,Derek Owens,5
36,Christopher Villa,4
61,Paul Hoover,2
96,David Nelson,8
100,Daniel Harris,0
13,Taylor Ortega,9
65,David Nichols,6
97,Sharon Brooks,1
82,Kyle Aguilar,2
94,Michael Lee,7
95,Andrew Bell,7
97,Sharon Brooks,6
24,Sara Klein,0
101,Margaret Ray,7
43,Micheal Thomas,1
75,Lisa Campos,0
75,Lisa Campos,1
34,Jason Wilson,7
93,Derek Wilkins,8
54,Juan Lopez,0
93,Derek Wilkins,4
33,Christopher Moore,2
46,Laura Watts,8
63,Holly Santiago,7
60,Olivia Scott,7
93,Derek Wilkins,0
75,Lisa Campos,9
17,Janet Carson,2
73,Shawn Lee,5
44,Beth Guzman,6
61,Paul Hoover,1
44,Beth Guzman,6
69,Angela Fuller,9
74,George Arroyo,2
89,Randy Gentry,8
11,Allison Roy,3
88,Stacy Ibarra,0
33,Christopher Moore,0
12,Brian Washington,3
15,Stephanie Hayes,1
10,Dylan Smith Jr.,3
64,Brenda Moore,0
14,Robert Carrillo,7
48,Tracy Graham,4
79,Helen Zamora,2
95,Andrew Bell,6
65,David Nichols,8
95,Andrew Bell,6
7,John Daugherty,3
33,Christopher Moore,6
8,Audrey Bean,9
24,Sara Klein,6
10,Dylan Smith Jr.,2
46,Laura Watts,1
48,Tracy Graham,1
23,Joseph Nelson,4
8,Audrey Bean,2
59,John Fox,3
48,Tracy Graham,0
51,Derek Owens,8
36,Christopher Villa,1
99,Jennifer Hill,6
95,Andrew Bell,7
76,Eric Ryan,3
24,Sara Klein,7
16,Michael Neal,3
82,Kyle Aguilar,1
41,Victoria Mann,6
99,Jennifer Hill,0
100,Daniel Harris,1
104,Rachel Jenkins,4
36,Christopher Villa,5
91,Rebecca Buchanan,9
86,Megan King,0
87,Andrew Newman,3
103,Peter Ball,6
87,Andrew Newman,7
52,Colleen Nguyen,2
58,Jeffrey Cox,2
33,Christopher Moore,8
55,Daniel Mccarty,3
16,Michael Neal,2
42,Amy Matthews,9
81,James Hodge,7
90,Adam White,6
37,William Hernandez,3
76,Eric Ryan,8
98,Brian Velazquez,1
94,Michael Lee,8
10,Dylan Smith Jr.,1
26,Kyle Williams PhD,2
23,Joseph Nelson,6
11,Allison Roy,9
6,Joseph Hernandez,5
10,Dylan Smith Jr.,2
38,Leslie Jones,2
105,Nina Norris,9
102,Christopher Mcdonald,3
104,Rachel Jenkins,7
14,Robert Carrillo,3
63,Holly Santiago,4
84,Craig Martin,7
101,Margaret Ray,7
103,Peter Ball,5
11,Allison Roy,1
41,Victoria Mann,1
6,Joseph Hernandez,1
95,Andrew Bell,5
75,Lisa Campos,3
36,Christopher Villa,3
88,Stacy Ibarra,6
95,Andrew Bell,2
103,Peter Ball,3
14,Robert Carrillo,3
50,Jeremy Williams,8
12,Brian Washington,7
76,Eric Ryan,9
44,Beth Guzman,0
41,Victoria Mann,9
76,Eric Ryan,8
101,Margaret Ray,6
39,Sara Crawford,6
71,Joseph Baxter,5
28,Theresa Neal,2
21,Brittany Wright,1
65,David Nichols,6
63,Holly Santiago,5
21,Brittany Wright,3
84,Craig Martin,1
82,Kyle Aguilar,3
97,Sharon Brooks,4
33,Christopher Moore,4
37,William Hernandez,6
81,James Hodge,5
40,Marcus Berry,9
68,Sara Williams,8
77,Darryl Wood,3
53,Andrew Neal,0
65,David Nichols,2
88,Stacy Ibarra,6
76,Eric Ryan,0
95,Andrew Bell,4
75,Lisa Campos,4
100,Daniel Harris,4
48,Tracy Graham,2
100,Daniel Harris,1
104,Rachel Jenkins,1
70,Angela Hunt,5
44,Beth Guzman,8
91,Rebecca Buchanan,1
6,Joseph Hernandez,1
39,Sara Crawford,8
28,Theresa Neal,2
63,Holly Santiago,9
86,Megan King,2
64,Brenda Moore,5
7,John Daugherty,1
22,Sherry Patrick,6
52,Colleen Nguyen,7
49,Rebecca Wallace,6
60,Olivia Scott,2
43,Micheal Thomas,2
55,Daniel Mccarty,2
13,Taylor Ortega,0
86,Megan King,7
28,Theresa Neal,5
13,Taylor Ortega,3
78,Ashley Castro,0
49,Rebecca Wallace,3
6,Joseph Hernandez,9
30,William Salazar,3
59,John Fox,2
58,Jeffrey Cox,6
105,Nina Norris,0
97,Sharon Brooks,1
93,Derek Wilkins,1
46,Laura Watts,0
21,Brittany Wright,2
83,Donna Davis,4
31,Shane Harris,2
98,Brian Velazquez,6
60,Olivia Scott,1
105,Nina Norris,5
81,James Hodge,7
73,Shawn Lee,3
102,Christopher Mcdonald,7
35,Kelly Mendez,2
63,Holly Santiago,1
41,Victoria Mann,3
104,Rachel Jenkins,9
74,George Arroyo,9
47,Tammy Garcia,9
9,Jennifer Sims,6
65,David Nichols,8
105,Nina Norris,1
86,Megan King,2
21,Brittany Wright,5
61,Paul Hoover,5
70,Angela Hunt,5
70,Angela Hunt,5
32,William Mitchell,8
21,Brittany Wright,9
8,Audrey Bean,3
11,Allison Roy,4
13,Taylor Ortega,2
28,Theresa Neal,6
85,Bradley Barr,6
83,Donna Davis,2
95,Andrew Bell,2
60,Olivia Scott,6
91,Rebecca Buchanan,8
57,Dr. Julie Bruce,6
53,Andrew Neal,0
84,Craig Martin,9
94,Michael Lee,1
96,David Nelson,6
7,John Daugherty,8
48,Tracy Graham,3
25,Mario Crawford,4
94,Michael Lee,7
53,Andrew Neal,3
16,Michael Neal,6
52,Colleen Nguyen,1
104,Rachel Jenkins,8
85,Bradley Barr,9
52,Colleen Nguyen,2
47,Tammy Garcia,7
86,Megan King,0
85,Bradley Barr,1
17,Janet Carson,8
10,Dylan Smith Jr.,0
27,Brianna Casey,3
60,Olivia Scott,7
32,William Mitchell,3
98,Brian Velazquez,3
11,Allison Roy,1
94,Michael Lee,1
10,Dylan Smith Jr.,5
105,Nina Norris,0
26,Kyle Williams PhD,6
56,Whitney Morrison,0
8,Audrey Bean,9
57,Dr. Julie Bruce,9
15,Stephanie Hayes,8
60,Olivia Scott,4
17,Janet Carson,4
74,George Arroyo,3
41,Victoria Mann,3
39,Sara Crawford,0
57,Dr. Julie Bruce,1
29,Billy Tate,3
61,Paul Hoover,5
105,Nina Norris,7
36,Christopher Villa,9
23,Joseph Nelson,4
12,Brian Washington,2
60,Olivia Scott,8
88,Stacy Ibarra,0
26,Kyle Williams PhD,9
93,Derek Wilkins,1
45,Lynn Bradley,1
17,Janet Carson,9
72,Cindy Walters,6
56,Whitney Morrison,1
22,Sherry Patrick,7
68,Sara Williams,6
79,Helen Zamora,5
69,Angela Fuller,1
64,Brenda Moore,9
87,Andrew Newman,8
30,William Salazar,6
7,John Daugherty,0
97,Sharon Brooks,9
90,Adam White,6
78,Ashley Castro,6
11,Allison Roy,6
75,Lisa Campos,2
8,Audrey Bean,2
51,Derek Owens,7
76,Eric Ryan,1
62,Veronica Green,3
52,Colleen Nguyen,3
17,Janet Carson,2
11,Allison Roy,6
14,Robert Carrillo,7
62,Veronica Green,9
14,Robert Carrillo,7
49,Rebecca Wallace,8
93,Derek Wilkins,6
67,Thomas Carroll,1
73,Shawn Lee,4
43,Micheal Thomas,2
19,Greg Peterson,2
89,Randy Gentry,9
86,Megan King,9
31,Shane Harris,2
28,Theresa Neal,4
10,Dylan Smith Jr.,7
48,Tracy Graham,7
68,Sara Williams,6
22,Sherry Patrick,3
70,Angela Hunt,2
80,Beth Fisher,1
18,Shannon White,2
9,Jennifer Sims,3
11,Allison Roy,5
46,Laura Watts,2
76,Eric Ryan,6
25,Mario Crawford,6
19,Greg Peterson,2
71,Joseph Baxter,4
46,Laura Watts,1
12,Brian Washington,8
85,Bradley Barr,2
87,Andrew Newman,5
29,Billy Tate,8
92,Kevin Everett,7
93,Derek Wilkins,4
65,David Nichols,9
47,Tammy Garcia,2
17,Janet Carson,5
97,Sharon Brooks,8
96,David Nelson,4
35,Kelly Mendez,0
49,Rebecca Wallace,1
21,Brittany Wright,8
94,Michael Lee,5
11,Allison Roy,0
92,Kevin Everett,9
58,Jeffrey Cox,0
58,Jeffrey Cox,0
17,Janet Carson,1
99,Jennifer Hill,0
6,Joseph Hernandez,7
52,Colleen Nguyen,6
84,Craig Martin,4
99,Jennifer Hill,2
54,Juan Lopez,4
14,Robert Carrillo,3
103,Peter Ball,6
72,Cindy Walters,8
76,Eric Ryan,4
55,Daniel Mccarty,7
53,Andrew Neal,0
77,Darryl Wood,1
35,Kelly Mendez,4
105,Nina Norris,0
49,Rebecca Wallace,8
62,Veronica Green,6
30,William Salazar,8
81,James Hodge,7
18,Shannon White,2
34,Jason Wilson,8
46,Laura Watts,1
59,John Fox,7
23,Joseph Nelson,7
28,Theresa Neal,3
73,Shawn Lee,0
18,Shannon White,8
74,George Arroyo,8
37,William Hernandez,7
9,Jennifer Sims,6
65,David Nichols,4
75,Lisa Campos,5
48,Tracy Graham,9
7,John Daugherty,0
72,Cindy Walters,9
26,Kyle Williams PhD,6
9,Jennifer Sims,0
12,Brian Washington,5
62,Veronica Green,8
90,Adam White,6
61,Paul Hoover,1
95,Andrew Bell,7
87,Andrew Newman,9
23,Joseph Nelson,4
24,Sara Klein,1
70,Angela Hunt,7
67,Thomas Carroll,0
50,Jeremy Williams,1
90,Adam White,5
65,David Nichols,6
103,Peter Ball,0
38,Leslie Jones,8
16,Michael Neal,0
62,Veronica Green,0
67,Thomas Carroll,8
98,Brian Velazquez,4
87,Andrew Newman,9
41,Victoria Mann,8
55,Daniel Mccarty,4
92,Kevin Everett,6
16,Michael Neal,9
96,David Nelson,8
69,Angela Fuller,4
83,Donna Davis,9
28,Theresa Neal,8
88,Stacy Ibarra,0
62,Veronica Green,4
92,Kevin Everett,3
92,Kevin Everett,0
97,Sharon Brooks,7
62,Veronica Green,8
81,James Hodge,3
44,Beth Guzman,6
81,James Hodge,8
44,Beth Guzman,3
94,Michael Lee,9
62,Veronica Green,2
72,Cindy Walters,5
28,Theresa Neal,7
16,Michael Neal,5
8,Audrey Bean,0
13,Taylor Ortega,1
62,Veronica Green,0
53,Andrew Neal,4
71,Joseph Baxter,8
96,David Nelson,8
78,Ashley Castro,2
27,Brianna Casey,0
78,Ashley Castro,3
72,Cindy Walters,8
20,Christina Diaz,4
45,Lynn Bradley,3
99,Jennifer Hill,1
7,John Daugherty,8
95,Andrew Bell,8
37,William Hernandez,6
97,Sharon Brooks,8
59,John Fox,0
20,Christina Diaz,2
71,Joseph Baxter,0
12,Brian Washington,2
23,Joseph Nelson,9
97,Sharon Brooks,2
73,Shawn Lee,0
10,Dylan Smith Jr.,5
77,Darryl Wood,4
85,Bradley Barr,5
94,Michael Lee,5
67,Thomas Carroll,8
85,Bradley Barr,6
59,John Fox,8
60,Olivia Scott,9
100,Daniel Harris,5
25,Mario Crawford,2
43,Micheal Thomas,4
85,Bradley Barr,5
82,Kyle Aguilar,9
47,Tammy Garcia,7
21,Brittany Wright,0
20,Christina Diaz,8
14,Robert Carrillo,3
57,Dr. Julie Bruce,7
19,Greg Peterson,7
44,Beth Guzman,3
93,Derek Wilkins,4
95,Andrew Bell,3
74,George Arroyo,3
93,Derek Wilkins,2
26,Kyle Williams PhD,7
98,Brian Velazquez,1
91,Rebecca Buchanan,8
27,Brianna Casey,9
68,Sara Williams,9
100,Daniel Harris,4
10,Dylan Smith Jr.,4
84,Craig Martin,8
47,Tammy Garcia,3
32,William Mitchell,4
50,Jeremy Williams,5
18,Shannon White,7
71,Joseph Baxter,1
90,Adam White,1
87,Andrew Newman,6
92,Kevin Everett,2
10,Dylan Smith Jr.,5
104,Rachel Jenkins,2
43,Micheal Thomas,3
83,Donna Davis,4
20,Christina Diaz,9
29,Billy Tate,2
86,Megan King,9
51,Derek Owens,2
17,Janet Carson,1
54,Juan Lopez,7
105,Nina Norris,8
41,Victoria Mann,1
24,Sara Klein,8
37,William Hernandez,6
18,Shannon White,8
15,Stephanie Hayes,3
45,Lynn Bradley,7
28,Theresa Neal,8
62,Veronica Green,5
86,Megan King,9
71,Joseph Baxter,8
81,James Hodge,4
61,Paul Hoover,5
102,Christopher Mcdonald,6
34,Jason Wilson,9
26,Kyle Williams PhD,0
78,Ashley Castro,8
57,Dr. Julie Bruce,1
8,Audrey Bean,1
42,Amy Matthews,8
72,Cindy Walters,7
77,Darryl Wood,3
86,Megan King,7
35,Kelly Mendez,2
44,Beth Guzman,3
65,David Nichols,4
36,Christopher Villa,0
97,Sharon Brooks,6
84,Craig Martin,9
13,Taylor Ortega,8
13,Taylor Ortega,9
72,Cindy Walters,8
19,Greg Peterson,4
96,David Nelson,3
53,Andrew Neal,6
75,Lisa Campos,7
39,Sara Crawford,9
25,Mario Crawford,4
23,Joseph Nelson,9
67,Thomas Carroll,7
28,Theresa Neal,9
48,Tracy Graham,3
12,Brian Washington,3
44,Beth Guzman,8
69,Angela Fuller,1
48,Tracy Graham,1
102,Christopher Mcdonald,6
10,Dylan Smith Jr.,3
38,Leslie Jones,1
62,Veronica Green,1
85,Bradley Barr,0
87,Andrew Newman,2
93,Derek Wilkins,3
93,Derek Wilkins,1
42,Amy Matthews,2
20,Christina Diaz,2
17,Janet Carson,9
28,Theresa Neal,3
53,Andrew Neal,4
19,Greg Peterson,3
25,Mario Crawford,5
69,Angela Fuller,4
20,Christina Diaz,8
37,William Hernandez,6
85,Bradley Barr,0
78,Ashley Castro,7
43,Micheal Thomas,4
38,Leslie Jones,7
63,Holly Santiago,5
42,Amy Matthews,7
17,Janet Carson,3
61,Paul Hoover,6
14,Robert Carrillo,4
18,Shannon White,7
28,Theresa Neal,4
37,William Hernandez,8
59,John Fox,6
7,John Daugherty,3
86,Megan King,2
95,Andrew Bell,3
12,Brian Washington,0
87,Andrew Newman,9
99,Jennifer Hill,5
12,Brian Washington,9
66,James Morris,8
67,Thomas Carroll,7
17,Janet Carson,0
