ISO3,Short name,Official name,ISO2,UNI,UNDP,FAOSTAT,GAUL,Alt Name,Continent,Continent code
AFG,Afghanistan,the Islamic Republic of Afghanistan,AF,4,AFG,2,1,"Afghanistan, Islamic Republic of",Asia,AS
ALB,Albania,the Republic of Albania,AL,8,ALB,3,3,"Albania, Republic of",Europe,EU
DZA,Algeria,the People's Democratic Republic of Algeria,DZ,12,DZA,4,4,"Algeria, People's Democratic Republic of",Africa,AF
AND,Andorra,the Principality of Andorra,AD,20,AND,6,7,"Andorra, Principality of",Europe,EU
AGO,Angola,the Republic of Angola,AO,24,AGO,7,8,"Angola, Republic of",Africa,AF
ATG,Antigua and Barbuda,Antigua and Barbuda,AG,28,ATG,8,11,Antigua and Barbuda,North America,NA
ARG,Argentina,the Argentine Republic,AR,32,ARG,9,12,"Argentina, Argentine Republic",South America,SA
ARM,Armenia,the Republic of Armenia,AM,51,ARM,1,13,"Armenia, Republic of",Europe,EU
AUS,Australia,Australia,AU,36,AUS,10,17,"Australia, Commonwealth of",Oceania,OC
AUT,Austria,the Republic of Austria,AT,40,AUT,11,18,"Austria, Republic of",Europe,EU
AZE,Azerbaijan,the Republic of Azerbaijan,AZ,31,AZE,52,19,"Azerbaijan, Republic of",Europe,EU
BHS,Bahamas,the Commonwealth of the Bahamas,BS,44,BHS,12,20,"Bahamas, Commonwealth of the",North America,NA
BHR,Bahrain,the Kingdom of Bahrain,BH,48,BHR,13,21,"Bahrain, Kingdom of",Asia,AS
BGD,Bangladesh,the People's Republic of Bangladesh,BD,50,BGD,16,23,"Bangladesh, People's Republic of",Asia,AS
BRB,Barbados,Barbados,BB,52,BRB,14,24,Barbados,North America,NA
BLR,Belarus,the Republic of Belarus,BY,112,BLR,57,26,"Belarus, Republic of",Europe,EU
BEL,Belgium,the Kingdom of Belgium,BE,56,BEL,255,27,"Belgium, Kingdom of",Europe,EU
BLZ,Belize,Belize,BZ,84,BLZ,23,28,Belize,North America,NA
BEN,Benin,the Republic of Benin,BJ,204,BEN,53,29,"Benin, Republic of",Africa,AF
BTN,Bhutan,the Kingdom of Bhutan,BT,64,BTN,18,31,"Bhutan, Kingdom of",Asia,AS
BOL,Bolivia (Plurinational State of),the Plurinational State of Bolivia,BO,68,BOL,19,33,"Bolivia, Republic of",South America,SA
BIH,Bosnia and Herzegovina,Bosnia and Herzegovina,BA,70,BIH,80,34,Bosnia and Herzegovina,Europe,EU
BWA,Botswana,the Republic of Botswana,BW,72,BWA,20,35,"Botswana, Republic of",Africa,AF
BRA,Brazil,the Federative Republic of Brazil,BR,76,BRA,21,37,"Brazil, Federative Republic of",South America,SA
BRN,Brunei Darussalam,Brunei Darussalam,BN,96,BRN,26,40,Brunei Darussalam,Asia,AS
BGR,Bulgaria,the Republic of Bulgaria,BG,100,BGR,27,41,"Bulgaria, Republic of",Europe,EU
BFA,Burkina Faso,Burkina Faso,BF,854,BFA,233,42,Burkina Faso,Africa,AF
BDI,Burundi,the Republic of Burundi,BI,108,BDI,29,43,"Burundi, Republic of",Africa,AF
CPV,Cabo Verde,Republic of Cabo Verde,CV,132,CPV,35,47,"Cape Verde, Republic of",Africa,AF
KHM,Cambodia,the Kingdom of Cambodia,KH,116,KHM,115,44,"Cambodia, Kingdom of",Asia,AS
CMR,Cameroon,the Republic of Cameroon,CM,120,CMR,32,45,"Cameroon, Republic of",Africa,AF
CAN,Canada,Canada,CA,124,CAN,33,46,Canada,North America,NA
CAF,Central African Republic,the Central African Republic,CF,140,CAF,37,49,Central African Republic,Africa,AF
TCD,Chad,the Republic of Chad,TD,148,TCD,39,50,"Chad, Republic of",Africa,AF
CHL,Chile,the Republic of Chile,CL,152,CHL,40,51,"Chile, Republic of",South America,SA
CHN,China,the People's Republic of China,CN,156,CHN,41,53,"China, People's Republic of",Asia,AS
COL,Colombia,the Republic of Colombia,CO,170,COL,44,57,"Colombia, Republic of",South America,SA
COM,Comoros,the Union of the Comoros,KM,174,COM,45,58,"Comoros, Union of the",Africa,AF
COG,Congo,the Republic of the Congo,CG,178,COG,46,59,"Congo, Republic of the",Africa,AF
COK,Cook Islands,the Cook Islands,CK,184,COK,47,60,Cook Islands,Oceania,OC
CRI,Costa Rica,the Republic of Costa Rica,CR,188,CRI,48,61,"Costa Rica, Republic of",North America,NA
HRV,Croatia,the Republic of Croatia,HR,191,HRV,98,62,"Croatia, Republic of",Europe,EU
CUB,Cuba,the Republic of Cuba,CU,192,CUB,49,63,"Cuba, Republic of",North America,NA
CYP,Cyprus,the Republic of Cyprus,CY,196,CYP,50,64,"Cyprus, Republic of",Europe,EU
CZE,Czechia,the Czech Republic,CZ,203,CZE,167,65,Czech Republic,Europe,EU
CIV,Côte d'Ivoire,the Republic of Côte d'Ivoire,CI,384,CIV,107,66,"Cote d'Ivoire, Republic of",Africa,AF
PRK,Democratic People's Republic of Korea,the Democratic People's Republic of Korea,KP,408,PRK,116,67,"Korea, Democratic People's Republic of",Asia,AS
COD,Democratic Republic of the Congo,the Democratic Republic of the Congo,CD,180,COD,250,68,"Congo, Democratic Republic of the",Africa,AF
DNK,Denmark,the Kingdom of Denmark,DK,208,DNK,54,69,"Denmark, Kingdom of",Europe,EU
DJI,Djibouti,the Republic of Djibouti,DJ,262,DJI,72,70,"Djibouti, Republic of",Africa,AF
DMA,Dominica,the Commonwealth of Dominica,DM,212,DMA,55,71,"Dominica, Commonwealth of",North America,NA
DOM,Dominican Republic,the Dominican Republic,DO,214,DOM,56,72,Dominican Republic,North America,NA
ECU,Ecuador,the Republic of Ecuador,EC,218,ECU,58,73,"Ecuador, Republic of",South America,SA
EGY,Egypt,the Arab Republic of Egypt,EG,818,EGY,59,40765,"Egypt, Arab Republic of",Africa,AF
SLV,El Salvador,the Republic of El Salvador,SV,222,SLV,60,75,"El Salvador, Republic of",North America,NA
GNQ,Equatorial Guinea,the Republic of Equatorial Guinea,GQ,226,GNQ,61,76,"Equatorial Guinea, Republic of",Africa,AF
ERI,Eritrea,the State of Eritrea,ER,232,ERI,178,77,"Eritrea, State of",Africa,AF
EST,Estonia,the Republic of Estonia,EE,233,EST,63,78,"Estonia, Republic of",Europe,EU
SWZ,Eswatini,the Kingdom of Eswatini,SZ,748,SWZ,209,235,"Swaziland, Kingdom of",Africa,AF
ETH,Ethiopia,the Federal Democratic Republic of Ethiopia,ET,231,ETH,238,79,"Ethiopia, Federal Democratic Republic of",Africa,AF
FRO,Faroe Islands,Faroe Islands,FO,234,FRO,64,82,Faroe Islands,Europe,EU
FJI,Fiji,the Republic of Fiji,FJ,242,FJI,66,83,"Fiji, Republic of the Fiji Islands",Oceania,OC
FIN,Finland,the Republic of Finland,FI,246,FIN,67,84,"Finland, Republic of",Europe,EU
FRA,France,the French Republic,FR,250,FRA,68,85,"France, French Republic",Europe,EU
GAB,Gabon,the Gabonese Republic,GA,266,GAB,74,89,"Gabon, Gabonese Republic",Africa,AF
GMB,Gambia,the Republic of the Gambia,GM,270,GMB,75,90,"Gambia, Republic of the",Africa,AF
GEO,Georgia,Georgia,GE,268,GEO,73,92,Georgia,Europe,EU
DEU,Germany,the Federal Republic of Germany,DE,276,DEU,79,93,"Germany, Federal Republic of",Europe,EU
GHA,Ghana,the Republic of Ghana,GH,288,GHA,81,94,"Ghana, Republic of",Africa,AF
GRC,Greece,the Hellenic Republic,GR,300,GRC,84,97,"Greece, Hellenic Republic",Europe,EU
GRD,Grenada,Grenada,GD,308,GRD,86,99,Grenada,North America,NA
GTM,Guatemala,the Republic of Guatemala,GT,320,GTM,89,103,"Guatemala, Republic of",North America,NA
GIN,Guinea,the Republic of Guinea,GN,324,GIN,90,106,"Guinea, Republic of",Africa,AF
GNB,Guinea-Bissau,the Republic of Guinea-Bissau,GW,624,GNB,175,105,"Guinea-Bissau, Republic of",Africa,AF
GUY,Guyana,the Co-operative Republic of Guyana,GY,328,GUY,91,107,"Guyana, Co-operative Republic of",South America,SA
HTI,Haiti,the Republic of Haiti,HT,332,HTI,93,108,"Haiti, Republic of",North America,NA
HND,Honduras,the Republic of Honduras,HN,340,HND,95,111,"Honduras, Republic of",North America,NA
HUN,Hungary,Hungary,HU,348,HUN,97,113,"Hungary, Republic of",Europe,EU
ISL,Iceland,the Republic of Iceland,IS,352,ISL,99,114,"Iceland, Republic of",Europe,EU
IND,India,the Republic of India,IN,356,IND,100,115,"India, Republic of",Asia,AS
IDN,Indonesia,the Republic of Indonesia,ID,360,IDN,101,116,"Indonesia, Republic of",Asia,AS
IRN,Iran (Islamic Republic of),the Islamic Republic of Iran,IR,364,IRN,102,117,"Iran, Islamic Republic of",Asia,AS
IRQ,Iraq,the Republic of Iraq,IQ,368,IRQ,103,118,"Iraq, Republic of",Asia,AS
IRL,Ireland,Ireland,IE,372,IRL,104,119,Ireland,Europe,EU
ISR,Israel,the State of Israel,IL,376,ISR,105,121,"Israel, State of",Asia,AS
ITA,Italy,the Republic of Italy,IT,380,ITA,106,122,"Italy, Italian Republic",Europe,EU
JAM,Jamaica,Jamaica,JM,388,JAM,109,123,Jamaica,North America,NA
JPN,Japan,Japan,JP,392,JPN,110,126,Japan,Asia,AS
JOR,Jordan,the Hashemite Kingdom of Jordan,JO,400,JOR,112,130,"Jordan, Hashemite Kingdom of",Asia,AS
KAZ,Kazakhstan,the Republic of Kazakhstan,KZ,398,KAZ,108,132,"Kazakhstan, Republic of",Europe,EU
KEN,Kenya,the Republic of Kenya,KE,404,KEN,114,133,"Kenya, Republic of",Africa,AF
KIR,Kiribati,the Republic of Kiribati,KI,296,KIR,83,135,"Kiribati, Republic of",Oceania,OC
KWT,Kuwait,the State of Kuwait,KW,414,KWT,118,137,"Kuwait, State of",Asia,AS
KGZ,Kyrgyzstan,the Kyrgyz Republic,KG,417,KGZ,113,138,Kyrgyz Republic,Asia,AS
LAO,Lao People's Democratic Republic,the Lao People's Democratic Republic,LA,418,LAO,120,139,Lao People's Democratic Republic,Asia,AS
LVA,Latvia,the Republic of Latvia,LV,428,LVA,119,140,"Latvia, Republic of",Europe,EU
LBN,Lebanon,the Lebanese Republic,LB,422,LBN,121,141,"Lebanon, Lebanese Republic",Asia,AS
LSO,Lesotho,the Kingdom of Lesotho,LS,426,LSO,122,142,"Lesotho, Kingdom of",Africa,AF
LBR,Liberia,the Republic of Liberia,LR,430,LBR,123,144,"Liberia, Republic of",Africa,AF
LBY,Libya,State of Libya,LY,434,LBY,124,145,Libyan Arab Jamahiriya,Africa,AF
LTU,Lithuania,the Republic of Lithuania,LT,440,LTU,126,147,"Lithuania, Republic of",Europe,EU
LUX,Luxembourg,the Grand Duchy of Luxembourg,LU,442,LUX,256,148,"Luxembourg, Grand Duchy of",Europe,EU
MDG,Madagascar,the Republic of Madagascar,MG,450,MDG,129,150,"Madagascar, Republic of",Africa,AF
MWI,Malawi,the Republic of Malawi,MW,454,MWI,130,152,"Malawi, Republic of",Africa,AF
MYS,Malaysia,Malaysia,MY,458,MYS,131,153,Malaysia,Asia,AS
MDV,Maldives,the Republic of Maldives,MV,462,MDV,132,154,"Maldives, Republic of",Asia,AS
MLI,Mali,the Republic of Mali,ML,466,MLI,133,155,"Mali, Republic of",Africa,AF
MLT,Malta,the Republic of Malta,MT,470,MLT,134,156,"Malta, Republic of",Europe,EU
MHL,Marshall Islands,the Republic of the Marshall Islands,MH,584,MHL,127,157,"Marshall Islands, Republic of the",Oceania,OC
MRT,Mauritania,the Islamic Republic of Mauritania,MR,478,MRT,136,159,"Mauritania, Islamic Republic of",Africa,AF
MUS,Mauritius,the Republic of Mauritius,MU,480,MUS,137,160,"Mauritius, Republic of",Africa,AF
MEX,Mexico,the United Mexican States,MX,484,MEX,138,162,"Mexico, United Mexican States",North America,NA
FSM,Micronesia (Federated States of),the Federated States of Micronesia,FM,583,FSM,145,163,"Micronesia, Federated States of",Oceania,OC
MCO,Monaco,the Principality of Monaco,MC,492,MCO,140,166,"Monaco, Principality of",Europe,EU
MNG,Mongolia,Mongolia,MN,496,MNG,141,167,Mongolia,Asia,AS
MNE,Montenegro,Montenegro,ME,499,MNE,273,2647,"Montenegro, Republic of",Europe,EU
MAR,Morocco,the Kingdom of Morocco,MA,504,MAR,143,169,"Morocco, Kingdom of",Africa,AF
MOZ,Mozambique,the Republic of Mozambique,MZ,508,MOZ,144,170,"Mozambique, Republic of",Africa,AF
MMR,Myanmar,the Republic of the Union of Myanmar,MM,104,MMR,28,171,"Myanmar, Union of",Asia,AS
NAM,Namibia,the Republic of Namibia,NA,516,NAM,147,172,"Namibia, Republic of",Africa,AF
NRU,Nauru,the Republic of Nauru,NR,520,NRU,148,173,"Nauru, Republic of",Oceania,OC
NPL,Nepal,the Federal Democratic Republic of Nepal,NP,524,NPL,149,175,"Nepal, State of",Asia,AS
NLD,Netherlands,the Kingdom of the Netherlands,NL,528,NLD,150,177,"Netherlands, Kingdom of the",Europe,EU
NZL,New Zealand,New Zealand,NZ,554,NZL,156,179,New Zealand,Oceania,OC
NIC,Nicaragua,the Republic of Nicaragua,NI,558,NIC,157,180,"Nicaragua, Republic of",North America,NA
NER,Niger,the Republic of the Niger,NE,562,NER,158,181,"Niger, Republic of",Africa,AF
NGA,Nigeria,the Federal Republic of Nigeria,NG,566,NGA,159,182,"Nigeria, Federal Republic of",Africa,AF
NIU,Niue,Niue,NU,570,NIU,160,183,Niue,Oceania,OC
MKD,North Macedonia,the Republic of North Macedonia,MK,807,MKD,154,241,"Macedonia, The Former Yugoslav Republic of",Europe,EU
NOR,Norway,the Kingdom of Norway,NO,578,NOR,162,186,"Norway, Kingdom of",Europe,EU
OMN,Oman,the Sultanate of Oman,OM,512,OMN,221,187,"Oman, Sultanate of",Asia,AS
PAK,Pakistan,the Islamic Republic of Pakistan,PK,586,PAK,165,188,"Pakistan, Islamic Republic of",Asia,AS
PLW,Palau,the Republic of Palau,PW,585,PLW,180,189,"Palau, Republic of",Oceania,OC
PAN,Panama,the Republic of Panama,PA,591,PAN,166,191,"Panama, Republic of",North America,NA
PNG,Papua New Guinea,Independent State of Papua New Guinea,PG,598,PNG,168,192,"Papua New Guinea, Independent State of",Oceania,OC
PRY,Paraguay,the Republic of Paraguay,PY,600,PRY,169,194,"Paraguay, Republic of",South America,SA
PER,Peru,the Republic of Peru,PE,604,PER,170,195,"Peru, Republic of",South America,SA
PHL,Philippines,the Republic of the Philippines,PH,608,PHL,171,196,"Philippines, Republic of the",Asia,AS
POL,Poland,the Republic of Poland,PL,616,POL,173,198,"Poland, Republic of",Europe,EU
PRT,Portugal,the Portuguese Republic,PT,620,PRT,174,199,"Portugal, Portuguese Republic",Europe,EU
QAT,Qatar,the State of Qatar,QA,634,QAT,179,201,"Qatar, State of",Asia,AS
KOR,Republic of Korea,the Republic of Korea,KR,410,KOR,117,202,"Korea, Republic of",Asia,AS
MDA,Republic of Moldova,the Republic of Moldova,MD,498,MDA,146,165,"Moldova, Republic of",Europe,EU
ROU,Romania,Romania,RO,642,ROU,183,203,Romania,Europe,EU
RUS,Russian Federation,the Russian Federation,RU,643,RUS,185,204,Russian Federation,Europe,EU
RWA,Rwanda,the Republic of Rwanda,RW,646,RWA,184,205,"Rwanda, Republic of",Africa,AF
KNA,Saint Kitts and Nevis,Saint Kitts and Nevis,KN,659,KNA,188,208,"Saint Kitts and Nevis, Federation of",North America,NA
LCA,Saint Lucia,Saint Lucia,LC,662,LCA,189,209,Saint Lucia,North America,NA
VCT,Saint Vincent and the Grenadines,Saint Vincent and the Grenadines,VC,670,VCT,191,211,Saint Vincent and the Grenadines,North America,NA
WSM,Samoa,the Independent State of Samoa,WS,882,WSM,244,212,"Samoa, Independent State of",Oceania,OC
SMR,San Marino,the Republic of San Marino,SM,674,SMR,192,213,"San Marino, Republic of",Europe,EU
STP,Sao Tome and Principe,the Democratic Republic of Sao Tome and Principe,ST,678,STP,193,214,"Sao Tome and Principe, Democratic Republic of",Africa,AF
SAU,Saudi Arabia,the Kingdom of Saudi Arabia,SA,682,SAU,194,215,"Saudi Arabia, Kingdom of",Asia,AS
SEN,Senegal,the Republic of Senegal,SN,686,SEN,195,217,"Senegal, Republic of",Africa,AF
SRB,Serbia,the Republic of Serbia,RS,688,SRB,272,2648,"Serbia, Republic of",Europe,EU
SYC,Seychelles,the Republic of Seychelles,SC,690,SYC,196,220,"Seychelles, Republic of",Africa,AF
SLE,Sierra Leone,the Republic of Sierra Leone,SL,694,SLE,197,221,"Sierra Leone, Republic of",Africa,AF
SGP,Singapore,the Republic of Singapore,SG,702,SGP,200,222,"Singapore, Republic of",Asia,AS
SVK,Slovakia,the Slovak Republic,SK,703,SVK,199,223,Slovakia (Slovak Republic),Europe,EU
SVN,Slovenia,the Republic of Slovenia,SI,705,SVN,198,224,"Slovenia, Republic of",Europe,EU
SLB,Solomon Islands,Solomon Islands,SB,90,SLB,25,225,Solomon Islands,Oceania,OC
SOM,Somalia,the Federal Republic of Somalia,SO,706,SOM,201,226,"Somalia, Somali Republic",Africa,AF
ZAF,South Africa,the Republic of South Africa,ZA,710,ZAF,202,227,"South Africa, Republic of",Africa,AF
SSD,South Sudan,the Republic of South Sudan,SS,728,SSD,277,74,South Sudan,Africa,AF
ESP,Spain,the Kingdom of Spain,ES,724,ESP,203,229,"Spain, Kingdom of",Europe,EU
LKA,Sri Lanka,the Democratic Socialist Republic of Sri Lanka,LK,144,LKA,38,231,"Sri Lanka, Democratic Socialist Republic of",Asia,AS
SDN,Sudan,the Republic of the Sudan,SD,736,SDN,276,40764,"Sudan, Republic of",Africa,AF
SUR,Suriname,the Republic of Suriname,SR,740,SUR,207,233,"Suriname, Republic of",South America,SA
SWE,Sweden,the Kingdom of Sweden,SE,752,SWE,210,236,"Sweden, Kingdom of",Europe,EU
CHE,Switzerland,the Swiss Confederation,CH,756,CHE,211,237,"Switzerland, Swiss Confederation",Europe,EU
SYR,Syrian Arab Republic,the Syrian Arab Republic,SY,760,SYR,212,238,Syrian Arab Republic,Asia,AS
TJK,Tajikistan,the Republic of Tajikistan,TJ,762,TJK,208,239,"Tajikistan, Republic of",Asia,AS
THA,Thailand,the Kingdom of Thailand,TH,764,THA,216,240,"Thailand, Kingdom of",Asia,AS
TLS,Timor-Leste,the Democratic Republic of Timor-Leste,TL,626,TLS,176,242,"Timor-Leste, Democratic Republic of",Asia,AS
TGO,Togo,the Togolese Republic,TG,768,TGO,217,243,"Togo, Togolese Republic",Africa,AF
TKL,Tokelau,Tokelau,TK,772,TKL,218,244,Tokelau,Oceania,OC
TON,Tonga,the Kingdom of Tonga,TO,776,TON,219,245,"Tonga, Kingdom of",Oceania,OC
TTO,Trinidad and Tobago,the Republic of Trinidad and Tobago,TT,780,TTO,220,246,"Trinidad and Tobago, Republic of",North America,NA
TUN,Tunisia,the Republic of Tunisia,TN,788,TUN,222,248,"Tunisia, Tunisian Republic",Africa,AF
TUR,Turkey,the Republic of Turkey,TR,792,TUR,223,249,"Turkey, Republic of",Europe,EU
TKM,Turkmenistan,Turkmenistan,TM,795,TKM,213,250,Turkmenistan,Asia,AS
TUV,Tuvalu,Tuvalu,TV,798,TUV,227,252,Tuvalu,Oceania,OC
UGA,Uganda,the Republic of Uganda,UG,800,UGA,226,253,"Uganda, Republic of",Africa,AF
UKR,Ukraine,Ukraine,UA,804,UKR,230,254,Ukraine,Europe,EU
ARE,United Arab Emirates,the United Arab Emirates,AE,784,ARE,225,255,United Arab Emirates,Asia,AS
GBR,United Kingdom of Great Britain and Northern Ireland,the United Kingdom of Great Britain and Northern Ireland,GB,826,GBR,229,256,United Kingdom of Great Britain & Northern Ireland,Europe,EU
TZA,United Republic of Tanzania,the United Republic of Tanzania,TZ,834,TZA,215,257,"Tanzania, United Republic of",Africa,AF
USA,United States of America,the United States of America,US,840,USA,231,259,United States of America,North America,NA
URY,Uruguay,the Eastern Republic of Uruguay,UY,858,URY,234,260,"Uruguay, Eastern Republic of",South America,SA
UZB,Uzbekistan,the Republic of Uzbekistan,UZ,860,UZB,235,261,"Uzbekistan, Republic of",Asia,AS
VUT,Vanuatu,the Republic of Vanuatu,VU,548,VUT,155,262,"Vanuatu, Republic of",Oceania,OC
VEN,Venezuela (Bolivarian Republic of),the Bolivarian Republic of Venezuela,VE,862,VEN,236,263,"Venezuela, Bolivarian Republic of",South America,SA
VNM,Viet Nam,the Socialist Republic of Viet Nam,VN,704,VNM,237,264,"Vietnam, Socialist Republic of",Asia,AS
YEM,Yemen,the Republic of Yemen,YE,887,YEM,249,269,Yemen,Asia,AS
ZMB,Zambia,the Republic of Zambia,ZM,894,ZMB,251,270,"Zambia, Republic of",Africa,AF
ZWE,Zimbabwe,the Republic of Zimbabwe,ZW,716,ZWE,181,271,"Zimbabwe, Republic of",Africa,AF